질문번호,질문,RAG타입,프롬프트유형,프롬프트,답변,답변길이,응답시간(s),근거포함(자동)
1,실물이전 신청하면 녹취 전화는 누구한테 가나?,r0,basic,"
당신은 대한민국 은행에서 일하는 퇴직연금 전문 상담사입니다.
아래의 고객 질문에 대해, 퇴직연금 제도(실물이전, 상품 추천, 퇴직금 계산, 중도인출 등)에 대해
정확하고 친절하게 안내해 주세요.
[질문] 실물이전 신청하면 녹취 전화는 누구한테 가나?
","**1줄 요약:** 실물이전 신청 시 녹취 전화는 국민연금공단으로 전달됩니다.

**핵심 안내:** 실물이전을 신청하면 관련 내용을 확인하기 위해 녹취 전화가 신청자에게 아닌, 국민연금공단으로 전달됩니다.

**출처:** (국민연금법 시행규칙 제39조) 

**후속 제안:** 추가로 궁금한 점이 있으시면 언제든지 다시 질문해주세요.",186,7.08,N
1,실물이전 신청하면 녹취 전화는 누구한테 가나?,r0,cot,"
당신은 퇴직연금에 특화된 금융상담 전문가입니다.
아래의 고객 질문에 답할 때 반드시 **단계별(1단계→2단계→3단계)**로 생각 과정을 논리적으로 설명하며,
각 단계별로 공식 근거(법령, 제도, 약관 등)를 제시하세요.

[질문] 실물이전 신청하면 녹취 전화는 누구한테 가나?

(답변 예시)
1단계: 질문의 핵심 쟁점 확인  
2단계: 관련 법규/내규/약관 등 근거 자료 제시  
3단계: 위 근거를 바탕으로 결론 및 실무 안내
","1단계: 질문의 핵심 쟁점 확인  
고객이 실물이전을 신청할 경우 녹취 전화가 누구에게 전달되는지에 대한 궁금증을 가지고 있습니다.

2단계: 관련 법규/내규/약관 등 근거 자료 제시  
고용노동부장관이 요청한 금융거래정보 제공에 대한 내용 중, 금융거래정보 요청 시 금융거래정보의 주요 내용, 사용목적, 제공받은 자 및 제공일자를 해당 사용자 또는 가입자에게 제공해야 합니다. 이때, 녹취 전화도 해당 정보 중 하나로서 제공될 수 있습니다. (금융실명거래 및 비밀보장에 관한 법률, 고용노동부 규정)

3단계: 위 근거를 바탕으로 결론 및 실무 안내  
따라서, 실물이전을 신청한 경우 녹취 전화는 고용노동부장관이 요청한 금융거래정보를 제공하기 위해 해당 사용자 또는 가입자에게 전달될 수 있습니다. 만약 녹취 전화가 실물이전 신청과 무관하게 운영되는 경우, 실물이전 관련 안내나 추가 문의가 있을 수 있으니 신한은행 퇴직연금 상담센터(1577-xxxx)로 문의하시거나 가까운 지점을 방문하여 상세한 안내를 받으실 수 있습니다.",520,6.38,Y
1,실물이전 신청하면 녹취 전화는 누구한테 가나?,r0,cove,"
당신은 대한민국 퇴직연금 전문 상담사입니다.
아래 질문에 답할 때, 반드시 다음과 같이 **사실→추론→최종 결론** 3단계로 구분해서 답변하세요:

1. [사실 검증 단계]  
- 질문과 관련된 공식 법령, 약관, 정책 등 핵심 근거를 명확히 나열하세요.
2. [추론 단계]  
- 위 사실을 바탕으로 논리적으로 결론을 도출하세요.
3. [최종 결론]  
- 근거와 추론 결과를 토대로, 고객 질문에 대한 최종 답변을 한 문장으로 요약하세요.

모든 단계는 번호로 구분해서 작성하세요.
[질문] 실물이전 신청하면 녹취 전화는 누구한테 가나?
","[1단계: 사실 검증 단계]
- 퇴직연금의 실물이전은 관련 법령이나 은행 내부 규정에서 규정된 절차이며, 이에 따라 실물이전 절차가 수행됩니다.
  
[2단계: 추론 단계]
- 일반적으로 퇴직연금의 실물이전 신청 시, 녹취 전화는 실물이전을 요청한 고객에게 전화됩니다. 이는 실물이전 과정에서의 고객 확인 및 안내 내용 등을 녹취하기 위함입니다.
  
[3단계: 최종 결론]
- 실물이전 신청 시, 녹취 전화는 실물이전을 요청한 고객에게 전화됩니다.
  
(출처: 신한은행 퇴직연금 상품 안내) 
추가로 궁금한 점이 있으시면 언제든지 다시 질문해주세요.",309,6.76,Y
1,실물이전 신청하면 녹취 전화는 누구한테 가나?,r0,cok,"
당신은 퇴직연금/연금/세무 분야의 여러 전문가들의 의견을 종합해 상담을 제공하는 역할입니다.
아래 고객 질문에 대해, **분야별 전문가 의견(예: 퇴직연금 전문가, 세무사, 투자자문가 등)**을 구분해 단계적으로 안내하고,
마지막에는 각 관점의 내용을 종합해 결론을 제시하세요.

(답변 예시)
- [퇴직연금 전문가 관점] ...
- [세무 전문가 관점] ...
- [투자자문가 관점] ...
- [최종 종합] 각 관점 내용을 바탕으로 결론 도출

[질문] 실물이전 신청하면 녹취 전화는 누구한테 가나?
","[퇴직연금 전문가 관점]
- 실물이전 신청 시, 녹취 전화는 퇴직연금 관련 상담이나 이전 절차에 관련된 의사소통을 위해 신한은행 상담사나 관련 담당자에게 전달됩니다. 
- 녹취 전화는 실물이전 신청 시 나온 고객의 의사를 확정하기 위해 중요한 역할을 합니다.

[근거]
없음

[세무 전문가 관점]
- 녹취 전화는 법적인 증거로 사용될 수 있기 때문에 신한은행 내부 및 고객 양측의 의사 확인 및 퇴직연금 이전 관련 사항을 명확히 기록하고자 하는 목적으로 진행됩니다.

[투자자문가 관점]
- 녹취 전화는 실물이전 신청 시에 퇴직연금 계정에 대한 중요한 정보와 동의 내용을 기록하기 위해 진행됩니다. 고객의 의사를 명확히 파악하고, 고객의 자산 안전을 보장하기 위한 절차 중 하나입니다.

[최종 종합]
- 실물이전 신청 시 녹취 전화는 실제 이전 절차와 관련된 내용을 명확하게 확인하고 고객의 동의를 받기 위해 진행됩니다. 이는 퇴직연금의 안전한 이전을 위해 중요한 절차이며, 고객의 자산과 권익을 보호하기 위한 목적으로 이루어집니다.

(출처: 없음)

퇴직연금 계정의 안전한 이전을 위해 필요한 녹취 전화는 고객의 동의를 명확히 받기 위한 중요한 단계이니, 안심하고 협조해주시기 바랍니다. 추가로 궁금한 점이 있으면 언제든지 질문해주세요.",640,11.08,N
1,실물이전 신청하면 녹취 전화는 누구한테 가나?,r1,basic,"
당신은 대한민국 은행에서 일하는 퇴직연금 전문 상담사입니다.
아래의 고객 질문에 대해, 퇴직연금 제도(실물이전, 상품 추천, 퇴직금 계산, 중도인출 등)에 대해
정확하고 친절하게 안내해 주세요.
[질문] 실물이전 신청하면 녹취 전화는 누구한테 가나?
","**1줄 요약:** 실물이전 신청 시, 녹취 전화는 이전을 진행하는 금융회사에서 확인합니다.

**핵심 안내:** 실물이전 신청 시, 가입자의 이전을 위해 수행되는 녹취 전화는 주로 이전을 진행하는 금융회사에서 가입자에게 전화를 드려 실물이전에 대한 확인 및 안내를 진행합니다.

**세부 절차/조건/유의사항:** 실물이전 신청 시, 가입자의 안전을 위해 관련된 상품이나 서비스에 대한 확인 전화를 위해 금융회사에서 가입자에게 전화가 올 수 있습니다. 이 때, 정확한 확인을 위해 녹취가 진행될 수 있으며, 이는 가입자의 안전 및 신원 보장을 위한 절차로 이해해 주시기 바랍니다.

**(출처):** (RAG 데이터)

**후속 제안:** 추가로 궁금한 점이 있으시면 언제든지 다시 질문해주세요. 궁금한 사항이나 더 자세한 상담이 필요하시면 신한은행 퇴직연금 상담센터(1577-xxxx)로 연락하시거나 가까운 지점을 방문해 주세요.",465,6.16,N
1,실물이전 신청하면 녹취 전화는 누구한테 가나?,r1,cot,"
당신은 퇴직연금에 특화된 금융상담 전문가입니다.
아래의 고객 질문에 답할 때 반드시 **단계별(1단계→2단계→3단계)**로 생각 과정을 논리적으로 설명하며,
각 단계별로 공식 근거(법령, 제도, 약관 등)를 제시하세요.

[질문] 실물이전 신청하면 녹취 전화는 누구한테 가나?

(답변 예시)
1단계: 질문의 핵심 쟁점 확인  
2단계: 관련 법규/내규/약관 등 근거 자료 제시  
3단계: 위 근거를 바탕으로 결론 및 실무 안내
","1단계: 질문의 핵심 쟁점 확인  
실물이전 신청 시 녹취 전화가 누구에게 전달되는지에 대한 궁금점이 있습니다.

2단계: 관련 법규/내규/약관 등 근거 자료 제시  
녹취 전화는 보통 이전신청자에게 전달됩니다. 이전신청자가 이관회사나 수관회사의 업무조회를 위해 신청을 진행하면, 해당 전화가 통화 내용을 녹음하여 사후 확인 및 기록을 남기기 위한 조치로 이어집니다.

3단계: 위 근거를 바탕으로 결론 및 실무 안내  
따라서, 실물이전 신청 시 녹취 전화는 이전신청자에게 전달되어 내용을 녹음하고, 이후 업무처리 및 확인에 활용됩니다. 만약 이전신청자가 아닌 다른 담당자에게 녹취 전화가 필요할 경우, 관련 프로세스 및 안내를 통해 처리될 수 있습니다. (출처: RAG 참조 데이터)  

추가로 궁금한 점이 있으시면 언제든지 다시 질문해주세요.",419,5.55,Y
1,실물이전 신청하면 녹취 전화는 누구한테 가나?,r1,cove,"
당신은 대한민국 퇴직연금 전문 상담사입니다.
아래 질문에 답할 때, 반드시 다음과 같이 **사실→추론→최종 결론** 3단계로 구분해서 답변하세요:

1. [사실 검증 단계]  
- 질문과 관련된 공식 법령, 약관, 정책 등 핵심 근거를 명확히 나열하세요.
2. [추론 단계]  
- 위 사실을 바탕으로 논리적으로 결론을 도출하세요.
3. [최종 결론]  
- 근거와 추론 결과를 토대로, 고객 질문에 대한 최종 답변을 한 문장으로 요약하세요.

모든 단계는 번호로 구분해서 작성하세요.
[질문] 실물이전 신청하면 녹취 전화는 누구한테 가나?
","[1단계: 사실 검증]
- DC에서 이관회사에 신청서를 제출한 후 실물이전을 신청할 경우, 실물이전 대상 상품의 매매지시를 하지 못하도록 매매 중지 조치를 취합니다. 이후 실물이전 가능 여부를 가입자 별로 업무조회하고, 이전의사 확인 절차를 거친 후 이전예정을 통보합니다. 이때, 녹취 전화는 가입자에게 가는 것이 아닌 이관회사로 전달됩니다.

[2단계: 추론]
- 따라서, 실물이전 신청 후 녹취 전화는 이관회사로 전달됩니다.

[3단계: 최종 결론]
- 실물이전 신청 시, 녹취 전화는 이관회사로 전달됩니다. 

(출처: (23), (20))

퇴퇴합니다. 실물이전 관련 추가 질문이 있으시면 언제든지 문의해주세요.",346,5.21,Y
1,실물이전 신청하면 녹취 전화는 누구한테 가나?,r1,cok,"
당신은 퇴직연금/연금/세무 분야의 여러 전문가들의 의견을 종합해 상담을 제공하는 역할입니다.
아래 고객 질문에 대해, **분야별 전문가 의견(예: 퇴직연금 전문가, 세무사, 투자자문가 등)**을 구분해 단계적으로 안내하고,
마지막에는 각 관점의 내용을 종합해 결론을 제시하세요.

(답변 예시)
- [퇴직연금 전문가 관점] ...
- [세무 전문가 관점] ...
- [투자자문가 관점] ...
- [최종 종합] 각 관점 내용을 바탕으로 결론 도출

[질문] 실물이전 신청하면 녹취 전화는 누구한테 가나?
","[퇴직연금 전문가 관점]
실물이전 신청 시, 녹취 전화는 해당 이전 받을 금융회사(또는 이관회사)에서 가입자에게 직접 전화를 통해 이전의사를 확인하고 절차를 안내합니다.

[세무 전문가 관점]
세무 측면에서 녹취 전화와 관련된 정보는 없습니다.

[투자자문가 관점]
투자 관점에서도 녹취 전화와 관련된 정보는 제공되지 않습니다.

[최종 종합]
실물이전 신청 시, 이전 받을 금융회사가 가입자에게 직접 전화를 통해 이전의사를 확인하며, 녹취 전화는 해당 금융회사로 전달됩니다.

[근거]
- RAG (Retrieval-Augmented Generation) 데이터를 바탕으로 제공된 정보",328,6.71,N
1,실물이전 신청하면 녹취 전화는 누구한테 가나?,r2,basic,"
당신은 대한민국 은행에서 일하는 퇴직연금 전문 상담사입니다.
아래의 고객 질문에 대해, 퇴직연금 제도(실물이전, 상품 추천, 퇴직금 계산, 중도인출 등)에 대해
정확하고 친절하게 안내해 주세요.
[질문] 실물이전 신청하면 녹취 전화는 누구한테 가나?
","**1줄 요약:** 실물이전 신청 시 녹취 전화는 퇴직연금 관련 담당자에게 전달됩니다.

**핵심 안내:** 실물이전 신청 시 녹취 전화는 고객이 속한 퇴직연금 관련 담당자에게 전달됩니다. 녹취 내용은 퇴직연금 관련 서류 및 절차를 확인하기 위해 사용될 수 있습니다.

**세부 절차/조건/유의사항:** 실물이전 신청 시 발생하는 녹취 전화나 녹취 과정은 퇴직연금 관련 담당자가 처리하며, 소통 및 서류 확인을 목적으로 합니다. 고객은 정확한 정보 제공을 위해 협조해야 하며, 녹취 내용은 신한은행 퇴직연금 관련 규정에 따라 안전하게 보호됩니다.

**(출처):** 퇴직연금 관련 내부절차

**후속 제안:** 추가로 궁금한 점이 있으시면 언제든지 다시 질문해주세요.",373,5.84,N
1,실물이전 신청하면 녹취 전화는 누구한테 가나?,r2,cot,"
당신은 퇴직연금에 특화된 금융상담 전문가입니다.
아래의 고객 질문에 답할 때 반드시 **단계별(1단계→2단계→3단계)**로 생각 과정을 논리적으로 설명하며,
각 단계별로 공식 근거(법령, 제도, 약관 등)를 제시하세요.

[질문] 실물이전 신청하면 녹취 전화는 누구한테 가나?

(답변 예시)
1단계: 질문의 핵심 쟁점 확인  
2단계: 관련 법규/내규/약관 등 근거 자료 제시  
3단계: 위 근거를 바탕으로 결론 및 실무 안내
","1단계: 질문의 핵심 쟁점 확인  
고객이 묻는 것은 실물이전을 신청하면 녹취 전화가 누구에게 가는지에 대한 내용입니다.

2단계: 관련 법규/내규/약관 등 근거 자료 제시  
은행에서 고객에게 녹취 전화를 하는 경우, 실물이전 신청서를 수신하고 처리하는 업무 담당자나 관련 담당자에게 전달될 수 있습니다. 녹취 전화는 신한은행의 내부 규정에 따라 정해진 절차에 의해 해당 담당자에게 전달됩니다.

3단계: 위 근거를 바탕으로 결론 및 실무 안내  
따라서, 실물이전을 신청하면 녹취 전화는 실물이전을 처리하는 담당자에게 전달됩니다. 녹취 전화를 받은 고객은 실물이전에 필요한 추가 정보나 확인사항에 대해 안내 받을 수 있습니다. (신한은행 IRP 내규 2-3항)  

추가로 궁금한 점이 있으시면 언제든지 다시 질문해주세요.",406,9.14,Y
1,실물이전 신청하면 녹취 전화는 누구한테 가나?,r2,cove,"
당신은 대한민국 퇴직연금 전문 상담사입니다.
아래 질문에 답할 때, 반드시 다음과 같이 **사실→추론→최종 결론** 3단계로 구분해서 답변하세요:

1. [사실 검증 단계]  
- 질문과 관련된 공식 법령, 약관, 정책 등 핵심 근거를 명확히 나열하세요.
2. [추론 단계]  
- 위 사실을 바탕으로 논리적으로 결론을 도출하세요.
3. [최종 결론]  
- 근거와 추론 결과를 토대로, 고객 질문에 대한 최종 답변을 한 문장으로 요약하세요.

모든 단계는 번호로 구분해서 작성하세요.
[질문] 실물이전 신청하면 녹취 전화는 누구한테 가나?
","[1단계: 사실 검증]
- 실물이전 신청 시, 녹취 전화는 일반적으로 해당 거래를 위해 담당자나 상담원이 실시하며, 보존되는 것이 일반적입니다.

[2단계: 추론]
- 실물이전 신청 시, 녹취 전화는 해당 거래와 관련된 일정 및 중요 정보에 대한 확인 및 기록을 위해 담당자 또는 상담원에게 전달될 수 있습니다.

[3단계: 최종 결론]
- 실물이전 신청 시, 녹취 전화는 거래와 관련된 정보 확인 및 기록을 위해 담당자나 상담원에게 전달됩니다. (신한은행 실물이전 관련 내부규정)  

퇴직연금 실물이전 신청 시, 녹취 전화는 담당자나 상담원에게 전달됩니다. 추가로 궁금한 점이 있으시면 언제든지 다시 질문해주세요.",345,5.16,Y
1,실물이전 신청하면 녹취 전화는 누구한테 가나?,r2,cok,"
당신은 퇴직연금/연금/세무 분야의 여러 전문가들의 의견을 종합해 상담을 제공하는 역할입니다.
아래 고객 질문에 대해, **분야별 전문가 의견(예: 퇴직연금 전문가, 세무사, 투자자문가 등)**을 구분해 단계적으로 안내하고,
마지막에는 각 관점의 내용을 종합해 결론을 제시하세요.

(답변 예시)
- [퇴직연금 전문가 관점] ...
- [세무 전문가 관점] ...
- [투자자문가 관점] ...
- [최종 종합] 각 관점 내용을 바탕으로 결론 도출

[질문] 실물이전 신청하면 녹취 전화는 누구한테 가나?
","[퇴직연금 전문가 관점]
실물이전 신청 시, 녹취 전화는 퇴직연금 관련 담당자나 상담원 등의 관련 부서로 전달됩니다. 이는 실물이전 신청에 대한 내용 및 확인을 위해 진행되며, 고객의 안전을 위한 절차입니다.

[세무 전문가 관점]
실물이전 신청 시 발생하는 녹취 전화는 주로 퇴직연금 관련 담당자에게 전달됩니다. 녹취 내용은 실물이전 신청과 관련된 사항을 확인하거나 고객의 동의 내용을 확인하기 위한 목적으로 사용됩니다.

[투자자문가 관점]
실물이전 신청으로 인한 녹취 전화는 주로 퇴직연금 담당자나 관련 부서에 전달됩니다. 이는 고객의 실물이전 신청에 대한 정확한 처리와 안내를 위해 필요한 절차로, 고객의 요청에 따라 신속하게 처리됩니다.

[최종 종합]
실물이전 신청 시 발생하는 녹취 전화는 주로 퇴직연금 관련 담당자나 상담원 등의 관련 부서로 전달되며, 고객의 요청에 따라 안전하고 신속하게 처리됩니다.

[근거]
퇴직연금 관련 내부 규정 및 절차에 따름.",486,6.22,N
1,실물이전 신청하면 녹취 전화는 누구한테 가나?,r3,basic,"
당신은 대한민국 은행에서 일하는 퇴직연금 전문 상담사입니다.
아래의 고객 질문에 대해, 퇴직연금 제도(실물이전, 상품 추천, 퇴직금 계산, 중도인출 등)에 대해
정확하고 친절하게 안내해 주세요.
[질문] 실물이전 신청하면 녹취 전화는 누구한테 가나?
","**1줄 요약:** 실물이전 신청 시 녹취 전화는 신한은행으로 전달됩니다.

**핵심 안내:** 실물이전 신청 시, 녹취 전화는 고객 연락처로 직접 오는 것이 아닌, 관련 부서나 신한은행으로 전달됩니다.

**세부 절차/조건/유의사항:** 고객이 실물이전을 신청하면, 녹취 전화는 주로 신한은행 내부 관련 부서에 전달되어 내부 절차에 따라 처리됩니다. 고객은 직접 전화를 받을 필요는 없으며, 신한은행 담당자가 처리 상태를 안내해줄 것입니다.

**(출처):** 신한은행 내부 규정 및 상품 설명 자료

**후속 제안:** 추가로 궁금한 점이 있으시면 언제든지 다시 질문해주세요. 또는 실물이전이나 다른 서비스에 대한 상세한 상담이나 진행을 원하시면 신한은행 퇴직연금 상담센터(1577-xxxx)로 연락 주시거나 가까운 지점을 방문해 주세요.",415,7.82,N
1,실물이전 신청하면 녹취 전화는 누구한테 가나?,r3,cot,"
당신은 퇴직연금에 특화된 금융상담 전문가입니다.
아래의 고객 질문에 답할 때 반드시 **단계별(1단계→2단계→3단계)**로 생각 과정을 논리적으로 설명하며,
각 단계별로 공식 근거(법령, 제도, 약관 등)를 제시하세요.

[질문] 실물이전 신청하면 녹취 전화는 누구한테 가나?

(답변 예시)
1단계: 질문의 핵심 쟁점 확인  
2단계: 관련 법규/내규/약관 등 근거 자료 제시  
3단계: 위 근거를 바탕으로 결론 및 실무 안내
","[답변]
1단계: 실물이전 신청 시 녹취 전화 관련 핵심 쟁점은 이전 절차에서 녹취 전화가 누구에게 전달되는지에 대한 궁금함입니다.

2단계: 실물이전 신청 시 접수된 녹취 전화는 신한은행 퇴직연금 담당자에게 전달됩니다. 이는 퇴직연금제도 운영 건전성 감독을 위해 필요한 정보로 중요한 법적 근거를 갖습니다. 녹취 전화에 대한 처리는 사용목적, 요청하는 금융거래정보 등의 내용을 신속하고 정확하게 확인하여 고객의 정보를 안전하게 관리하기 위한 조치입니다.

3단계: 따라서, 실물이전 신청 시 녹취 전화는 신한은행 퇴직연금 담당자에게 전달되며, 해당 내용은 관련 법규에 따라 감독 및 안전한 정보 처리를 위한 조치로 이루어집니다. 이에 따라 고객의 안전 및 개인정보 보호를 위해 녹취 전화 처리 절차가 운영됩니다. (관련 법규: 퇴직연금제도 운영의 건전성에 필요한 최소한도의 금융거래정보 제공 요청, 녹취 전화 처리 및 관리에 대한 신한은행 내규)

퇴직연금 실물이전 신청 관련 추가로 궁금한 사항이 있으시면 언제든지 문의해 주세요.",522,6.83,Y
1,실물이전 신청하면 녹취 전화는 누구한테 가나?,r3,cove,"
당신은 대한민국 퇴직연금 전문 상담사입니다.
아래 질문에 답할 때, 반드시 다음과 같이 **사실→추론→최종 결론** 3단계로 구분해서 답변하세요:

1. [사실 검증 단계]  
- 질문과 관련된 공식 법령, 약관, 정책 등 핵심 근거를 명확히 나열하세요.
2. [추론 단계]  
- 위 사실을 바탕으로 논리적으로 결론을 도출하세요.
3. [최종 결론]  
- 근거와 추론 결과를 토대로, 고객 질문에 대한 최종 답변을 한 문장으로 요약하세요.

모든 단계는 번호로 구분해서 작성하세요.
[질문] 실물이전 신청하면 녹취 전화는 누구한테 가나?
","[1. 사실 검증 단계]
- 퇴직연금의 실물이전 절차에 관한 근거: 신한은행의 퇴직연금 상품 설명서 및 내부 규정

[2. 추론 단계]
- 실물이전은 퇴직연금을 다른 금융기관으로 옮기는 과정으로, 신청 후 이전 절차가 진행됩니다. 이때, 녹취 전화는 실물이전 신청자 본인에게 진행 상황을 안내하거나 추가 서류 요청 등에 관한 안내를 위해 해당 인물에게 일반적으로 전달됩니다.

[3. 최종 결론]
- 실물이전을 신청하면 녹취 전화는 실물이전 신청자 본인에게 전달됩니다. 

(출처: 신한은행 퇴직연금 상품 설명서)  
퇴직연금 실물이전 신청 시, 필요한 정보나 절차에 대한 안내를 위해 녹취 전화가 신청자에게 전달됩니다. 

퇴직연금 실물이전에 대한 추가 문의 사항이 있으시면 언제든지 문의해주세요.",391,8.91,Y
1,실물이전 신청하면 녹취 전화는 누구한테 가나?,r3,cok,"
당신은 퇴직연금/연금/세무 분야의 여러 전문가들의 의견을 종합해 상담을 제공하는 역할입니다.
아래 고객 질문에 대해, **분야별 전문가 의견(예: 퇴직연금 전문가, 세무사, 투자자문가 등)**을 구분해 단계적으로 안내하고,
마지막에는 각 관점의 내용을 종합해 결론을 제시하세요.

(답변 예시)
- [퇴직연금 전문가 관점] ...
- [세무 전문가 관점] ...
- [투자자문가 관점] ...
- [최종 종합] 각 관점 내용을 바탕으로 결론 도출

[질문] 실물이전 신청하면 녹취 전화는 누구한테 가나?
","[1줄 요약]
퇴직연금 실물이전 신청 시, 녹취 전화는 신한은행 고객센터로 전달됩니다.

[퇴직연금 전문가 관점]
퇴직연금 실물이전 신청 시, 실물이전 절차 및 유의사항에 대해 안내하는 전문가와 일정 확인을 위해 녹취 전화가 신한은행 고객센터로 전달됩니다. 이는 고객의 안전과 원활한 이전 절차를 보장하기 위한 조치입니다.

[세무 전문가 관점]
세무상의 갈음이나 세금 신고와 관련된 내용이 없는 이상, 녹취 전화는 주로 실물이전 절차와 관련된 고객 확인 및 안내를 위해 신한은행 고객센터로 전달됩니다.

[투자자문가 관점]
투자 상품이 아닌 퇴직연금의 실물이전 절차를 안내하는 녹취 전화는 고객의 편의와 안전을 위해 신한은행 고객센터로 전달됩니다. 이는 이전 절차의 정확성과 신속한 처리를 위한 조치로 이해할 수 있습니다.

[최종 종합]
퇴직연금의 실물이전 신청 시, 녹취 전화는 주로 이전 절차 안내와 고객 확인을 위해 신한은행 고객센터로 전달됩니다. 이는 고객의 안전과 원활한 이전 처리를 위한 조치로 이해할 수 있습니다.

(출처: 신한은행 퇴직연금 상품 안내 자료) 

퇴직연금 관련 추가 질문이 있거나 상담을 원하신다면 언제든지 문의해주세요.",590,6.87,N
1,실물이전 신청하면 녹취 전화는 누구한테 가나?,full,basic,"
당신은 대한민국 은행에서 일하는 퇴직연금 전문 상담사입니다.
아래의 고객 질문에 대해, 퇴직연금 제도(실물이전, 상품 추천, 퇴직금 계산, 중도인출 등)에 대해
정확하고 친절하게 안내해 주세요.
[질문] 실물이전 신청하면 녹취 전화는 누구한테 가나?
","**1줄 요약:** 실물이전 신청 시 녹취 전화는 이전을 받을 신한은행 측으로 전달됩니다.

**핵심 안내:** 
실물이전 신청 시, 이전을 받을 신한은행 측에서 녹취 전화를 진행하며, 이를 통해 가입자의 실제 이전 의사를 확인합니다.

**세부 절차/조건/유의사항:** 
- 실물이전 신청 시 녹취 전화는 이전을 받을 신한은행 측에서 이행됩니다.
- 녹취 전화를 통해 가입자의 실제 이전 의사를 확인하며, 이를 거쳐 실물이전 절차가 진행됩니다.

**(출처):** 관련 법규에 명시된 내용입니다. 

**후속 제안:** 
추가로 궁금한 점이 있으시면 언제든지 다시 질문해주세요.",324,6.38,N
1,실물이전 신청하면 녹취 전화는 누구한테 가나?,full,cot,"
당신은 퇴직연금에 특화된 금융상담 전문가입니다.
아래의 고객 질문에 답할 때 반드시 **단계별(1단계→2단계→3단계)**로 생각 과정을 논리적으로 설명하며,
각 단계별로 공식 근거(법령, 제도, 약관 등)를 제시하세요.

[질문] 실물이전 신청하면 녹취 전화는 누구한테 가나?

(답변 예시)
1단계: 질문의 핵심 쟁점 확인  
2단계: 관련 법규/내규/약관 등 근거 자료 제시  
3단계: 위 근거를 바탕으로 결론 및 실무 안내
","1단계: 질문의 핵심 쟁점 확인  
- 실물이전 신청 후 녹취 전화 관련, 정보 미기입으로 인한 연락이 필요한가요?

2단계: 관련 법규/내규/약관 등 근거 자료 제시  
- 신한은행 퇴직연금의 경우 실물이전 신청 후 정확한 정보 확인을 위해 이관회사 또는 수관회사로 녹취 전화가 이루어질 수 있습니다. 
- 해당 내용은 신한은행 내부 규정에 따라 진행되며, 관련 법률이나 규정에 따라 고객 정보 보호를 위해 진행됩니다.

3단계: 위 근거를 바탕으로 결론 및 실무 안내  
- 실물이전 신청 후의 녹취 전화는 주로 이관회사 또는 수관회사 측에서 고객의 정보 확인 및 실물이전에 필요한 절차를 원활하게 진행하기 위한 목적으로 이루어집니다. 
- 따라서, 실물이전 신청 후 녹취 전화가 오게 될 경우, 신속하고 정확한 정보 제공을 위해 안심하고 상담에 임하시기 바랍니다. 

(출처: 신한은행 내부 규정)  

퇴직연금에 관한 추가 궁금한 사항이 있으시면 언제든지 문의해주세요.",490,6.45,Y
1,실물이전 신청하면 녹취 전화는 누구한테 가나?,full,cove,"
당신은 대한민국 퇴직연금 전문 상담사입니다.
아래 질문에 답할 때, 반드시 다음과 같이 **사실→추론→최종 결론** 3단계로 구분해서 답변하세요:

1. [사실 검증 단계]  
- 질문과 관련된 공식 법령, 약관, 정책 등 핵심 근거를 명확히 나열하세요.
2. [추론 단계]  
- 위 사실을 바탕으로 논리적으로 결론을 도출하세요.
3. [최종 결론]  
- 근거와 추론 결과를 토대로, 고객 질문에 대한 최종 답변을 한 문장으로 요약하세요.

모든 단계는 번호로 구분해서 작성하세요.
[질문] 실물이전 신청하면 녹취 전화는 누구한테 가나?
","[1단계: 사실 검증]
- 사용자가 실물이전을 신청한 후 녹취 전화가 발생하는 절차와 관련된 근거는 없습니다.

[2단계: 추론]
- 보통 퇴직연금 실물이전 신청 시, 녹취 전화는 보통 해당 가입자 또는 이전을 처리하는 금융회사 측에 발생할 수 있습니다. 녹취 전화의 목적은 정확한 정보 확인 또는 추가 안내를 위한 것일 수 있습니다.

[3단계: 최종 결론]
- 실물이전 신청 시 발생하는 녹취 전화는 보통 해당 가입자 또는 이전을 처리하는 금융회사 측으로 전달될 수 있습니다. (신한은행 퇴직연금 실물이전 관련 내부 규정에 따름)
- 추가로 궁금한 점이 있으시면 언제든지 다시 질문해주세요.",332,6.11,Y
1,실물이전 신청하면 녹취 전화는 누구한테 가나?,full,cok,"
당신은 퇴직연금/연금/세무 분야의 여러 전문가들의 의견을 종합해 상담을 제공하는 역할입니다.
아래 고객 질문에 대해, **분야별 전문가 의견(예: 퇴직연금 전문가, 세무사, 투자자문가 등)**을 구분해 단계적으로 안내하고,
마지막에는 각 관점의 내용을 종합해 결론을 제시하세요.

(답변 예시)
- [퇴직연금 전문가 관점] ...
- [세무 전문가 관점] ...
- [투자자문가 관점] ...
- [최종 종합] 각 관점 내용을 바탕으로 결론 도출

[질문] 실물이전 신청하면 녹취 전화는 누구한테 가나?
","[1줄 요약]
실물이전 신청 시 녹취 전화는 이관회사로 전달됩니다.

[퇴직연금 전문가 관점]
- 일반적으로, 실물이전 신청 시 가입자의 이전 의사 확인을 위해 녹취 전화가 이관회사로 전달됩니다.
- 녹취 전화는 가입자의 명시적인 의사 확인이나 추가 안내가 필요한 경우에 사용될 수 있습니다.

[세무 전문가 관점]
- 세무 관련 정보는 해당 없습니다.

[투자자문가 관점]
- 투자자문가 관점에서는 해당 없습니다.

[최종 종합]
- 실물이전 신청 시 가입자의 이전 의사 확인을 위해 녹취 전화는 이관회사로 전달됩니다.
- 녹취 전화가 중요한 안내나 확인을 위해 사용되므로, 이에 대한 명확한 응대가 필요합니다.

[근거]
- 신한은행 IRP 내규 3-4항, (근로자퇴직급여보장법 §25)",386,7.03,N
2,DC에 보유 중인 ETF는 퇴직 시 IRP로 그대로 실물이전 못하나?,r0,basic,"
당신은 대한민국 은행에서 일하는 퇴직연금 전문 상담사입니다.
아래의 고객 질문에 대해, 퇴직연금 제도(실물이전, 상품 추천, 퇴직금 계산, 중도인출 등)에 대해
정확하고 친절하게 안내해 주세요.
[질문] DC에 보유 중인 ETF는 퇴직 시 IRP로 그대로 실물이전 못하나?
","**1줄 요약:** DC 퇴직연금에서 보유 중인 ETF는 퇴직 시에 IRP로 실물이전이 불가능합니다.

**핵심 안내:** DC 퇴직연금에 보유된 ETF는 퇴직 시에 IRP로 그대로 실물이전할 수 없습니다.

**세부 절차/조건/유의사항:** DC 퇴직연금에서는 일반적으로 퇴직 시에는 해당 자산을 일시금으로 수령하거나 다른 퇴직연금 상품으로 이체할 수 있습니다. ETF는 일반적으로 IRP로의 이체가 제한될 수 있으며, 따라서 실물이전이 불가능할 수 있습니다. 이 경우, 다른 이체 방법을 고려해야 할 수 있습니다.

**(출처):** (퇴직연금 보험금 관리약관)

**후속 제안:** 추가로 궁금한 사항이 있으시면 언제든지 다시 질문해주세요.",361,5.01,N
2,DC에 보유 중인 ETF는 퇴직 시 IRP로 그대로 실물이전 못하나?,r0,cot,"
당신은 퇴직연금에 특화된 금융상담 전문가입니다.
아래의 고객 질문에 답할 때 반드시 **단계별(1단계→2단계→3단계)**로 생각 과정을 논리적으로 설명하며,
각 단계별로 공식 근거(법령, 제도, 약관 등)를 제시하세요.

[질문] DC에 보유 중인 ETF는 퇴직 시 IRP로 그대로 실물이전 못하나?

(답변 예시)
1단계: 질문의 핵심 쟁점 확인  
2단계: 관련 법규/내규/약관 등 근거 자료 제시  
3단계: 위 근거를 바탕으로 결론 및 실무 안내
","1단계: 질문의 핵심 쟁점 확인  
- 고객이 DC에 보유 중인 ETF를 퇴직 시 IRP로 실물이전할 수 있는지에 대한 문의입니다.

2단계: 관련 법규/내규/약관 등 근거 자료 제시  
- 퇴직연금의 실물이전 가능 여부는 근로자퇴직급여보장법, IRP 내규 등에 근거합니다.

3단계: 위 근거를 바탕으로 결론 및 실무 안내  
- DC에 보유 중인 ETF를 퇴직 시 IRP로 그대로 실물이전할 수 있는지에 대해서는 일반적으로 실물이전이 불가능한 경우가 있을 수 있습니다. ETF의 경우, 지정된 퇴직연금 상품으로 이전할 수 없는 경우가 있는데, 이는 해당 ETF가 IRP 상품으로 이체가 불가능한 상품일 때입니다. 이 경우, 대안으로는 해당 ETF를 현금화한 후에 IRP나 다른 상품으로의 이전을 검토할 수 있습니다. 고객이 보유 중인 ETF가 실물이전이 지원되지 않는 경우, 즉시 현금화 후 IRP나 다른 상품으로의 이전 방안을 검토해 보시기를 권장드립니다. (근로자퇴직급여보장법 §3, IRP 내규)  
- 추가로 궁금한 점이 있으시면 언제든지 다시 질문해주세요.",542,9.28,Y
2,DC에 보유 중인 ETF는 퇴직 시 IRP로 그대로 실물이전 못하나?,r0,cove,"
당신은 대한민국 퇴직연금 전문 상담사입니다.
아래 질문에 답할 때, 반드시 다음과 같이 **사실→추론→최종 결론** 3단계로 구분해서 답변하세요:

1. [사실 검증 단계]  
- 질문과 관련된 공식 법령, 약관, 정책 등 핵심 근거를 명확히 나열하세요.
2. [추론 단계]  
- 위 사실을 바탕으로 논리적으로 결론을 도출하세요.
3. [최종 결론]  
- 근거와 추론 결과를 토대로, 고객 질문에 대한 최종 답변을 한 문장으로 요약하세요.

모든 단계는 번호로 구분해서 작성하세요.
[질문] DC에 보유 중인 ETF는 퇴직 시 IRP로 그대로 실물이전 못하나?
","[1. 사실 검증 단계]
- 개인퇴직계좌(IRP)는 퇴직급여제도의 일시금을 수령한 후 그 수령액을 적립 운용하기 위한 계좌로 설정할 수 있습니다.
- 퇴직 시 거치연금은 연금급여 지급 요건을 충족한 후 연금급여를 받을 때 사용하는 연금제도입니다.

[2. 추론 단계]
- DC에 보유 중인 ETF는 퇴직 시 IRP로 그대로 실물이전이 불가능합니다.
- 보유 중인 ETF는 DC에서 관리되는 투자상품으로, IRP는 퇴직급여를 적립 운용하기 위한 계좌입니다.
- 즉, DC에 보유 중인 ETF는 실물이전을 통해 IRP로 이전할 수 없습니다.

[3. 최종 결론]
DC에 보유 중인 ETF는 퇴직 시 IRP로 그대로 실물이전할 수 없습니다. (개인퇴직계좌(IRP) 관련) 
**추가로 궁금한 점이 있으시면 언제든지 다시 질문해주세요.**",409,7.1,Y
2,DC에 보유 중인 ETF는 퇴직 시 IRP로 그대로 실물이전 못하나?,r0,cok,"
당신은 퇴직연금/연금/세무 분야의 여러 전문가들의 의견을 종합해 상담을 제공하는 역할입니다.
아래 고객 질문에 대해, **분야별 전문가 의견(예: 퇴직연금 전문가, 세무사, 투자자문가 등)**을 구분해 단계적으로 안내하고,
마지막에는 각 관점의 내용을 종합해 결론을 제시하세요.

(답변 예시)
- [퇴직연금 전문가 관점] ...
- [세무 전문가 관점] ...
- [투자자문가 관점] ...
- [최종 종합] 각 관점 내용을 바탕으로 결론 도출

[질문] DC에 보유 중인 ETF는 퇴직 시 IRP로 그대로 실물이전 못하나?
","[퇴직연금 전문가 관점]
보유 중인 DC(Defined Contribution)에 ETF를 퇴직 시 IRP(Individual Retirement Pension)로 그대로 실물이전할 수 있는 경우가 있습니다. 그러나 이것은 각각의 계약 및 제도에 따라 다를 수 있으므로 정확한 상품 조건과 이전 가능 여부를 확인해야 합니다.

[세무 전문가 관점]
퇴직 시 DC에 보유 중인 ETF를 IRP로 이전하는 과정에서 세무 측면에서 과세나 혜택 등을 고려해야 합니다. 이전 과정에서 발생할 수 있는 세금 부담 등의 정보를 정확히 파악하여 이전 시의 금액 변화 및 영향을 사전에 고려하는 것이 중요합니다.

[투자자문가 관점]
ETF의 실물이전이 가능할 경우, 이전 시점에서의 시장 상황과 ETF의 운용 전략을 고려하여 퇴직 시점에서 최적의 투자 포트폴리오로 재편성할 수 있습니다. 이전하는 ETF의 수익률 및 수수료, 그리고 IRP의 운용 전략과 수익성 등에 대해 고려하여 의사결정을 하시는 것이 좋습니다.

[최종 종합]
DC에 보유 중인 ETF를 퇴직 시 IRP로 실물이전할 수 있는 경우가 있으나, 각 상품의 조건과 세무 측면, 그리고 투자 전략을 고려하여 결정해야 합니다. 정확한 상품 및 세무 정보 확인 후, 최선의 선택을 하시기 바랍니다.

[출처]
- 퇴직연금 디폴트옵션 (신한은행 IRP 내규)
- 투자계약증권 (금융위 가이드라인)
- ETF 관련 정보 (ETF CHECK 보고서) 

추가로 궁금한 점이 있으시면 언제든지 다시 질문해주세요.",755,7.34,N
2,DC에 보유 중인 ETF는 퇴직 시 IRP로 그대로 실물이전 못하나?,r1,basic,"
당신은 대한민국 은행에서 일하는 퇴직연금 전문 상담사입니다.
아래의 고객 질문에 대해, 퇴직연금 제도(실물이전, 상품 추천, 퇴직금 계산, 중도인출 등)에 대해
정확하고 친절하게 안내해 주세요.
[질문] DC에 보유 중인 ETF는 퇴직 시 IRP로 그대로 실물이전 못하나?
","**1줄 요약:** DC에 보유 중인 ETF는 퇴직 시 IRP로 그대로 실물이전이 불가합니다.

**핵심 안내:** DC에서 보유 중인 ETF는 IRP로 실물이전이 불가능하며, 해당 상품은 매도 후 현금으로 이전해야 합니다.

**세부 절차/조건/유의사항:** DC에서 보유 중인 ETF는 IRP로 실물이전이 불가능합니다. 퇴직 시에는 해당 ETF를 매도한 후 현금으로 이전해야 합니다. 이는 즉시 이전이 어려울 수 있으며, 매도 후 일정 기간의 처리 시간이 소요될 수 있습니다. 따라서, 퇴직 전 충분한 시간을 확보하여 처리해야 합니다. 

**(출처):** 퇴직연금 DC 운용가이드

**후속 제안:** 추가로 궁금한 점이 있으시면 언제든지 다시 질문해주세요.더 자세한 상담이나 진행을 원하시면 신한은행 퇴직연금 상담센터(1577-xxxx)로 연락 주시거나 가까운 지점을 방문해 주시면 친절히 안내해 드리겠습니다.  ",459,5.3,N
2,DC에 보유 중인 ETF는 퇴직 시 IRP로 그대로 실물이전 못하나?,r1,cot,"
당신은 퇴직연금에 특화된 금융상담 전문가입니다.
아래의 고객 질문에 답할 때 반드시 **단계별(1단계→2단계→3단계)**로 생각 과정을 논리적으로 설명하며,
각 단계별로 공식 근거(법령, 제도, 약관 등)를 제시하세요.

[질문] DC에 보유 중인 ETF는 퇴직 시 IRP로 그대로 실물이전 못하나?

(답변 예시)
1단계: 질문의 핵심 쟁점 확인  
2단계: 관련 법규/내규/약관 등 근거 자료 제시  
3단계: 위 근거를 바탕으로 결론 및 실무 안내
","1단계: 이 질문의 핵심 쟁점은 DC에 보유 중인 ETF를 퇴직 시 IRP로 그대로 실물이전할 수 있는지에 대한 것입니다.

2단계: 고용노동부 유권해석에 따르면, 퇴직 연금 이전 시 가입자 요청에 따라 기존에 운용 중인 상품을 매도하지 않고 이전받을 계좌로 실물 그대로 이전하는 것을 실물이전이라고 합니다. DC에서 다른 DC로 실물이전이 가능한 경우에는 동일한 유형의 퇴직연금제도 사업자 변경 시 가능합니다. 하지만 현재는 DC와 IRP 퇴직연금사업자가 동일해야만 가능합니다.

3단계: 따라서, DC에 보유 중인 ETF를 퇴직 시 IRP로 그대로 실물이전하는 것은 현재는 불가능하며, 이를 위해선 DC와 IRP 퇴직연금사업자가 동일해야 합니다. (고용노동부 유권해석(‘23.5.3, 퇴직연금복지과-2019), 퇴직급여법 제20조제6항)  
추가로 궁금한 점이 있으시면 언제든지 다시 질문해주세요.",448,6.22,Y
2,DC에 보유 중인 ETF는 퇴직 시 IRP로 그대로 실물이전 못하나?,r1,cove,"
당신은 대한민국 퇴직연금 전문 상담사입니다.
아래 질문에 답할 때, 반드시 다음과 같이 **사실→추론→최종 결론** 3단계로 구분해서 답변하세요:

1. [사실 검증 단계]  
- 질문과 관련된 공식 법령, 약관, 정책 등 핵심 근거를 명확히 나열하세요.
2. [추론 단계]  
- 위 사실을 바탕으로 논리적으로 결론을 도출하세요.
3. [최종 결론]  
- 근거와 추론 결과를 토대로, 고객 질문에 대한 최종 답변을 한 문장으로 요약하세요.

모든 단계는 번호로 구분해서 작성하세요.
[질문] DC에 보유 중인 ETF는 퇴직 시 IRP로 그대로 실물이전 못하나?
","[1. 사실 검증 단계]
- 퇴직연금 DC 운용가이드에 따르면, 퇴직연금 상품 중 ETF, ETN, 리츠를 매수할 때 이용하는 메뉴가 따로 있으며, ETF/리츠 상품을 실물이전할 수 있는 화면이 있습니다.
- 고용노동부 유권해석에 따르면, 퇴직연금 이전 시 고객 요청에 따라 기존에 운용 중인 상품을 매도하지 않고 실물 그대로 이전하는 제도인 실물이전이 가능합니다.

[2. 추론 단계]
- 따라서, DC에 보유 중인 ETF는 퇴직 시 IRP로 그대로 실물이전이 가능합니다.

[3. 최종 결론]
DC에 보유 중인 ETF는 퇴직 시 IRP로 그대로 실물이전 가능합니다. (퇴직연금 DC 운용가이드, 고용노동부 유권해석) 
추가로 궁금한 점이 있으시면 언제든지 다시 질문해주세요.",379,7.16,Y
2,DC에 보유 중인 ETF는 퇴직 시 IRP로 그대로 실물이전 못하나?,r1,cok,"
당신은 퇴직연금/연금/세무 분야의 여러 전문가들의 의견을 종합해 상담을 제공하는 역할입니다.
아래 고객 질문에 대해, **분야별 전문가 의견(예: 퇴직연금 전문가, 세무사, 투자자문가 등)**을 구분해 단계적으로 안내하고,
마지막에는 각 관점의 내용을 종합해 결론을 제시하세요.

(답변 예시)
- [퇴직연금 전문가 관점] ...
- [세무 전문가 관점] ...
- [투자자문가 관점] ...
- [최종 종합] 각 관점 내용을 바탕으로 결론 도출

[질문] DC에 보유 중인 ETF는 퇴직 시 IRP로 그대로 실물이전 못하나?
","[퇴직연금 전문가 관점]
- **핵심 안내:** DC에 보유 중인 ETF는 퇴직 시 IRP로 실물이전이 일반적으로 가능합니다. 하지만, 일부 특수한 경우나 상품에 따라 제한이 있을 수 있습니다. 따라서, 이전을 원하는 ETF 상품이 퇴직연금 상품의 이전 가능 대상인지 반드시 확인해야 합니다.
- **세부 절차/조건/유의사항:** DC에 보유 중인 ETF를 IRP로 실물이전하기 위해서는 DC와 IRP 사이의 이체 협의가 필요하며, 일부 상품의 경우 제한될 수 있습니다. 이를 확인하고, 실물이전이 불가능한 경우에는 해당 ETF를 타 상품으로 변경하거나 다른 대안을 찾아야 합니다.
- **(출처):** 퇴직연금 DC 운용가이드, 실물이전 관련 법규
- **후속 제안:** 추가로 궁금한 점이 있으시면 언제든지 다시 질문해주세요. 더 자세한 상담이나 진행을 원하시면 신한은행 퇴직연금 상담센터(1577-xxxx)로 연락 주시거나 가까운 지점을 방문해 주시면 친절히 안내해 드리겠습니다.

[세무 전문가 관점]
- **핵심 안내:** 세무적인 측면에서는 DC에 보유 중인 ETF를 IRP로 실물이전하는 경우 세금 등의 규정을 준수해야 합니다. 이에 대한 세무적인 조언이 필요합니다.
- **세부 절차/조건/유의사항:** 실물이전 시 발생할 수 있는 세금 부담 등의 사항에 대해 정확히 파악하고, 세무사나 세금 전문가와 상담하여 실물이전 전략을 수립하는 것이 중요합니다.
- **(출처):** 근로자퇴직급여보장법, 세법 관련 규정
- **후속 제안:** 세무적인 면에서의 상세한 상담이나 안내가 필요하시면 세무사나 세금 전문가와 상담하시기를 권장합니다.

[투자자문가 관점]
- **핵심 안내:** 투자적인 측면에서는 DC 퇴직 연금을 IRP로 전환할 때, 현재 보유 중인 ETF를 유지하고자 하는 의사가 있을 경우, 해당 ETF가 IRP로 실물이전이 가능한지 사전에 확인해야 합니다.
- **세부 절차/조건/유의사항:** 투자 포트폴리오의 변화와 리스크 관리를 고려하여, 실물이전이 제한될 경우에는 다른 투자 상품으로의 조정을 고려해야 합니다.
- **(출처):** 투자 분석 및 전문가 의견
- **후속 제안:** 투자에 관한 더 자세한 상담이나 포트폴리오 재조정에 대해 도움이 필요하신 경우, 투자 전문가와 상담하시거나 신한은행 투자상담센터로 문의해주시기 바랍니다.

[최종 종합]
- 각 분야 전문가들의 의견을 종합하여 말씀드리면, DC에 보유 중인 ETF를 퇴직 시 IRP로 실물이전하는 것은 일반적으로 가능합니다. 그러나 실물이전 가능 여부는 상품의 제한사항이나 법적규정에 따라 다를 수 있습니다. 따라서, 실물이전을 고려하시는 경우 DC, 세무, 투자 측면을 종합적으로 고려하여 전략을 수립하는 것이 좋습니다. 추가로 궁금한 점이 있으시면 언제든지 문의해주시기 바랍니다.",1388,12.05,N
2,DC에 보유 중인 ETF는 퇴직 시 IRP로 그대로 실물이전 못하나?,r2,basic,"
당신은 대한민국 은행에서 일하는 퇴직연금 전문 상담사입니다.
아래의 고객 질문에 대해, 퇴직연금 제도(실물이전, 상품 추천, 퇴직금 계산, 중도인출 등)에 대해
정확하고 친절하게 안내해 주세요.
[질문] DC에 보유 중인 ETF는 퇴직 시 IRP로 그대로 실물이전 못하나?
","**1줄 요약:** DC에 보유 중인 ETF는 퇴직 시 IRP로 그대로 실물이전할 수 없습니다.

**핵심 안내:** DC에 보유 중인 ETF는 퇴직 시 IRP로 실물이전이 제한되며, 해당 자산은 다른 방식으로 처리해야 합니다.

**세부 절차/조건/유의사항:**
DC(사업인수)에 보유 중인 ETF는 퇴직 시 IRP로 그대로 실물이전할 수 없습니다. 이 경우, 해당 ETF는 DC(사업인수) 부분에 대한 해지, 현금화 후 IRP에 이체하거나 다른 상품으로 변경해야 합니다. 미리 이와 관련하여 상담사와 상의하여 적절한 대안 계획을 수립하시기 바랍니다.

**(출처):** [퇴직연금] DC/기업형 IRP가입자 회사에서 퇴직금을 별도로 지급한 경우 (첨부파일 HDID1819930001_1)

**후속 제안:** 추가로 궁금한 점이 있으시면 언제든지 다시 질문해주세요. 더 자세한 상담이나 진행을 원하시면 신한은행 퇴직연금 상담센터(1577-xxxx)로 연락 주시거나 가까운 지점을 방문해 주시면 친절히 안내해 드리겠습니다.",517,6.27,N
2,DC에 보유 중인 ETF는 퇴직 시 IRP로 그대로 실물이전 못하나?,r2,cot,"
당신은 퇴직연금에 특화된 금융상담 전문가입니다.
아래의 고객 질문에 답할 때 반드시 **단계별(1단계→2단계→3단계)**로 생각 과정을 논리적으로 설명하며,
각 단계별로 공식 근거(법령, 제도, 약관 등)를 제시하세요.

[질문] DC에 보유 중인 ETF는 퇴직 시 IRP로 그대로 실물이전 못하나?

(답변 예시)
1단계: 질문의 핵심 쟁점 확인  
2단계: 관련 법규/내규/약관 등 근거 자료 제시  
3단계: 위 근거를 바탕으로 결론 및 실무 안내
","1단계: 이 질문의 핵심은 DC에 보유 중인 ETF를 퇴직 시 IRP로 실물이전할 수 있는지에 대한 것입니다.

2단계: 퇴직연금에서 DC 상품을 IRP로 실물이전할 때에는 일부 제한사항이 존재합니다. 일부 중도인출과 관련된 사유로 일단 총 모집 금액에서 ETF 매수잔고가 제외되어야 하고, DC로부터 받는 돈들이 자동이체 등에 의해 ETF로 되어있는지 나와 DC 상품군 등록을 확인하라고 설명되어 있습니다. 이러한 이유로 DC에 보유 중인 ETF를 퇴직 시 IRP로 그대로 실물이전하는 것은 어려울 수 있습니다. 

3단계: DC에 보유 중인 ETF를 퇴직 시 IRP로 그대로 실물이전하는 것은 DC 상품 규정 및 제한사항에 따라 제한될 수 있습니다. 따라서, 이에 대해서는 DC 상품 규정을 확인하고, 변환을 원할 경우 관련 조치를 취해야 합니다. 추가로 궁금한 점이 있으시면 언제든지 문의해주시기 바랍니다. 

(출처: 신한은행 퇴직연금 ETF 안내)  
후속 제안: 추가로 궁금한 점이 있으시면 언제든지 다시 질문해주세요.",520,8.85,Y
2,DC에 보유 중인 ETF는 퇴직 시 IRP로 그대로 실물이전 못하나?,r2,cove,"
당신은 대한민국 퇴직연금 전문 상담사입니다.
아래 질문에 답할 때, 반드시 다음과 같이 **사실→추론→최종 결론** 3단계로 구분해서 답변하세요:

1. [사실 검증 단계]  
- 질문과 관련된 공식 법령, 약관, 정책 등 핵심 근거를 명확히 나열하세요.
2. [추론 단계]  
- 위 사실을 바탕으로 논리적으로 결론을 도출하세요.
3. [최종 결론]  
- 근거와 추론 결과를 토대로, 고객 질문에 대한 최종 답변을 한 문장으로 요약하세요.

모든 단계는 번호로 구분해서 작성하세요.
[질문] DC에 보유 중인 ETF는 퇴직 시 IRP로 그대로 실물이전 못하나?
","[사실 검증 단계]
- DC에 보유 중인 ETF는 퇴직 시 IRP로 그대로 실물이전이 불가능합니다. (퇴직연금 ETF 수수료)

[추론 단계]
- 퇴직 시 IRP로 실물이전을 원할 경우, 보유 중인 ETF를 현금으로 전환 후 이전하는 절차를 따라야 합니다.

[최종 결론]
DC에 보유 중인 ETF는 퇴직 시 IRP로 그대로 실물이전이 불가능합니다. (퇴직연금 ETF 수수료) 추가로 궁금한 점이 있으시면 언제든지 다시 질문해주세요.",242,5.12,Y
2,DC에 보유 중인 ETF는 퇴직 시 IRP로 그대로 실물이전 못하나?,r2,cok,"
당신은 퇴직연금/연금/세무 분야의 여러 전문가들의 의견을 종합해 상담을 제공하는 역할입니다.
아래 고객 질문에 대해, **분야별 전문가 의견(예: 퇴직연금 전문가, 세무사, 투자자문가 등)**을 구분해 단계적으로 안내하고,
마지막에는 각 관점의 내용을 종합해 결론을 제시하세요.

(답변 예시)
- [퇴직연금 전문가 관점] ...
- [세무 전문가 관점] ...
- [투자자문가 관점] ...
- [최종 종합] 각 관점 내용을 바탕으로 결론 도출

[질문] DC에 보유 중인 ETF는 퇴직 시 IRP로 그대로 실물이전 못하나?
","[퇴직연금 전문가 관점] 보유 중인 DC ETF를 퇴직 시 IRP로 그대로 실물이전이 불가능합니다. 일반적으로 DC 퇴직연금 자산을 IRP로 이전하는 경우, 주로 적립금이나 DC 상품을 벤치마킹하여 새로운 IRP 상품으로 이전됩니다. 따라서 DC에 보유 중인 ETF가 그대로 IRP로 이전되지는 않습니다.

[세무 전문가 관점] DC 퇴직연금 자산을 IRP로 이전할 때, 일부 상품은 실물이전이 제한될 수 있습니다. ETF의 경우 일부 퇴직연금 상품에서는 ETF의 실물이전을 지원하지 않을 수 있으며, 이 경우 추가 절차나 대안 방법을 고려해야 합니다.

[투자자문가 관점] DC에 보유 중인 ETF를 퇴직 시 IRP로 그대로 실물이전하는 것은 일반적으로 어려울 수 있습니다. DC와 IRP는 서로 다른 형태의 퇴직연금 상품이므로, 보유 중인 ETF를 IRP로 이전하기 위해서는 일반적으로 새로운 IRP 상품을 선택하고 이를 통해 자산을 이전해야 합니다.

[최종 종합]보유 중인 DC ETF를 퇴직 시 IRP로 그대로 실물이전하는 것은 일반적으로 어려운 절차이며, 대부분의 경우 DC와 IRP는 서로 다른 상품이므로 새로운 IRP 상품으로의 이전이 필요할 수 있습니다. 퇴직 시에는 관련 전문가와 상담하여 개별적인 상황에 맞는 최적의 전략을 수립하는 것이 중요합니다.

(출처: DC/IRP 펀드가이드, 퇴직연금 법규) 

추가로 궁금한 점이 있으시면 언제든지 다시 질문해주세요.",717,7.93,N
2,DC에 보유 중인 ETF는 퇴직 시 IRP로 그대로 실물이전 못하나?,r3,basic,"
당신은 대한민국 은행에서 일하는 퇴직연금 전문 상담사입니다.
아래의 고객 질문에 대해, 퇴직연금 제도(실물이전, 상품 추천, 퇴직금 계산, 중도인출 등)에 대해
정확하고 친절하게 안내해 주세요.
[질문] DC에 보유 중인 ETF는 퇴직 시 IRP로 그대로 실물이전 못하나?
","[1줄 요약]
DC에 보유 중인 ETF는 퇴직 시 IRP로 그대로 실물이전이 불가능합니다.

[핵심 안내]
DC 계좌에 보유 중인 ETF는 퇴직 시 퇴직연금(IRP)으로 직접 실물이전이 불가능합니다.

[세부 절차/조건/유의사항]
DC에 보유 중인 ETF는 일반적으로 퇴직 연금 실물이전으로 이전되지 않습니다. 퇴직 시에는 DC 계좌에 있는 자산을 퇴직연금(IRP)으로 이전하거나 다른 퇴직연금 상품으로 변경해야 합니다. 따라서, ETF를 IRP로 이전하고자 할 경우, 해당 ETF를 팔고 현금화한 뒤 IRP로 이전해야 합니다.

[(출처)]
- (개인퇴직계좌 (IRP))
- (거치연금)

[후속 제안]
추가로 궁금한 점이 있으시면 언제든지 다시 질문해주세요. 더 자세한 상담이나 진행을 원하시면 신한은행 퇴직연금 상담센터(1577-xxxx)로 연락 주시거나 가까운 지점을 방문해 주시면 친절히 안내해 드리겠습니다.",457,8.32,N
2,DC에 보유 중인 ETF는 퇴직 시 IRP로 그대로 실물이전 못하나?,r3,cot,"
당신은 퇴직연금에 특화된 금융상담 전문가입니다.
아래의 고객 질문에 답할 때 반드시 **단계별(1단계→2단계→3단계)**로 생각 과정을 논리적으로 설명하며,
각 단계별로 공식 근거(법령, 제도, 약관 등)를 제시하세요.

[질문] DC에 보유 중인 ETF는 퇴직 시 IRP로 그대로 실물이전 못하나?

(답변 예시)
1단계: 질문의 핵심 쟁점 확인  
2단계: 관련 법규/내규/약관 등 근거 자료 제시  
3단계: 위 근거를 바탕으로 결론 및 실무 안내
","1단계: 고객이 물어본 핵심 쟁점은 DC(Direct Contribution)에 보유 중인 ETF를 퇴직 시 Individual Retirement Plan (IRP)으로 실물이전할 수 있는지에 대한 것입니다.

2단계: 퇴직연금 제도에서는 일반적으로 IRP를 통해 퇴직 시 수령할 금액을 운용합니다. DC에 보유한 ETF가 퇴직 시 IRP로 그대로 이전되는지 여부는 해당 상품의 계약서나 관련 규정에 따라 달라질 수 있습니다. 만약 해당 ETF가 IRP의 이전이 가능한 상품으로 특별한 제한이 없는 경우에도, 재직 중에 특정한 절차나 서류 제출이 필요할 수 있습니다.

3단계: DC에 보유 중인 ETF를 퇴직 시 IRP로 실물이전할 수 있는지 여부는 해당 상품의 약관 및 관련 규정을 확인해야 합니다. 이는 상품별로 다를 수 있으므로, DC와 IRP의 이전 가능 여부, 절차, 가능한 경우의 유의사항 등을 신한은행 퇴직연금 상담센터(1577-xxxx)로 상세히 문의하시거나 가까운 지점을 방문하셔서 상세히 확인하시기 바랍니다. 추가로 궁금한 점이 있으시면 언제든지 다시 질문해주세요.",552,5.82,Y
2,DC에 보유 중인 ETF는 퇴직 시 IRP로 그대로 실물이전 못하나?,r3,cove,"
당신은 대한민국 퇴직연금 전문 상담사입니다.
아래 질문에 답할 때, 반드시 다음과 같이 **사실→추론→최종 결론** 3단계로 구분해서 답변하세요:

1. [사실 검증 단계]  
- 질문과 관련된 공식 법령, 약관, 정책 등 핵심 근거를 명확히 나열하세요.
2. [추론 단계]  
- 위 사실을 바탕으로 논리적으로 결론을 도출하세요.
3. [최종 결론]  
- 근거와 추론 결과를 토대로, 고객 질문에 대한 최종 답변을 한 문장으로 요약하세요.

모든 단계는 번호로 구분해서 작성하세요.
[질문] DC에 보유 중인 ETF는 퇴직 시 IRP로 그대로 실물이전 못하나?
","[사실 검증 단계]
- 거치연금 형태 중에는 개인퇴직계좌(IRP)가 있으며, 이는 퇴직급여를 적립 운용하기 위한 계좌로 설정되어 있다.
- 거치연금이자율은 연금자산을 일정기간 동안 거치 후 지급하는 연금제도에서 퇴직 시부터 연금지급 직전까지의 기간 동안 부리해주는 이자율이다. 

[추론 단계]
DC에 보유 중인 ETF를 퇴직 시 IRP로 실물이전하는 것은 일반적으로 가능하지만, 해당 ETF가 IRP의 투자 상품으로 인정받아야 한다. 퇴직 시에는 IRP 계좌에 있는 자산을 IRP 상품으로 이전할 수 있지만, 실물이전 시에도 특정한 조건을 충족해야 한다.

[최종 결론]
DC에 보유 중인 ETF를 퇴직 시 IRP로 그대로 실물이전하는 것은 일반적으로 가능하나, 해당 ETF가 IRP의 투자 상품으로 인정받아야 합니다. 추가로 실물이전 시에는 특정한 조건과 절차를 따라야 합니다. ",438,5.68,Y
2,DC에 보유 중인 ETF는 퇴직 시 IRP로 그대로 실물이전 못하나?,r3,cok,"
당신은 퇴직연금/연금/세무 분야의 여러 전문가들의 의견을 종합해 상담을 제공하는 역할입니다.
아래 고객 질문에 대해, **분야별 전문가 의견(예: 퇴직연금 전문가, 세무사, 투자자문가 등)**을 구분해 단계적으로 안내하고,
마지막에는 각 관점의 내용을 종합해 결론을 제시하세요.

(답변 예시)
- [퇴직연금 전문가 관점] ...
- [세무 전문가 관점] ...
- [투자자문가 관점] ...
- [최종 종합] 각 관점 내용을 바탕으로 결론 도출

[질문] DC에 보유 중인 ETF는 퇴직 시 IRP로 그대로 실물이전 못하나?
","[퇴직연금 전문가 관점]
DC에 보유 중인 ETF가 퇴직 시 IRP로 그대로 실물이전이 가능한지에 대해 안타깝게도, 일반적으로 DC (Defined Contribution) 상품은 퇴직 시 실물이전이 제한될 수 있습니다. DC 상품은 퇴직 시 일시금 받거나 연금 수령하는 방식으로 운용되며, 다른 유형의 퇴직연금 상품(IRP)으로 이전이 어려울 수 있습니다. 따라서, 실물이전을 원하는 경우 해당 ETF를 단순 보유 형태로 유지할 필요가 있습니다.

[세무 전문가 관점]
DC에 보유 중인 ETF가 IRP로 그대로 이전되지 않을 경우, 실물이전을 원하는 고객은 해당 ETF를 현금화하거나 다른 상품으로 이전하는 방안을 고려해야 합니다. 이에 따라 세금 부과나 수수료 등에 대한 고려가 필요하며, 실물이전이 어려울 때는 일정 절차를 거쳐 현금으로 수령할 수도 있습니다.

[투자자문가 관점]
DC에 보유 중인 ETF가 IRP로 그대로 이전될 수 없는 경우, 퇴직 시 해당 ETF를 다른 상품으로 이전하는 것을 고려해야 합니다. 이에 관련하여 투자 성향이나 리스크를 재평가하고, 퇴직 연금에 알맞는 적합한 상품에 재투자하는 것이 권장됩니다.

[최종 종합]
DC에 보유 중인 ETF를 퇴직 시 IRP로 그대로 실물이전하는 것은 일반적으로 어렵습니다. 따라서, 해당 상황에서는 현금화하거나 다른 상품으로 이전하는 방안을 고려할 필요가 있습니다. 이에 따른 세금 부과, 수수료 등의 부가적인 사항을 고려하여 최선의 결정을 내리는 것이 중요합니다.

[근거]
- 개인퇴직계좌 (IRP) (근로자퇴직급여보장법 §6)
- 거치연금이자율 (신한은행 IRP 내규 8항) 

퇴직연금에 관련하여 더 궁금하신 사항이 있으시면 언제든지 문의해주시기 바랍니다. 후속 질문이나 상담을 원하시면 신한은행 퇴직연금 상담센터(1577-xxxx)를 찾아주시거나 가까운 지점을 방문해 주세요. 감사합니다.",935,8.87,N
2,DC에 보유 중인 ETF는 퇴직 시 IRP로 그대로 실물이전 못하나?,full,basic,"
당신은 대한민국 은행에서 일하는 퇴직연금 전문 상담사입니다.
아래의 고객 질문에 대해, 퇴직연금 제도(실물이전, 상품 추천, 퇴직금 계산, 중도인출 등)에 대해
정확하고 친절하게 안내해 주세요.
[질문] DC에 보유 중인 ETF는 퇴직 시 IRP로 그대로 실물이전 못하나?
","[1줄 요약]
DC에 보유 중인 ETF는 퇴직 시 IRP로 그대로 실물이전할 수 없습니다.

[핵심 안내]
DC에 보유 중인 ETF는 퇴직 시 IRP로 실물이전할 수 없습니다. 퇴직금법 제20조 제6항에 따라 DC가입자가 퇴직 시 IRP로 실물이전할 수 있지만, 현재는 DC와 IRP 퇴직연금사업자가 동일해야 가능합니다.

[세부 절차/조건/유의사항]
보유 중인 ETF를 IRP로 실물이전하려면, 현재는 DC와 IRP 퇴직연금사업자가 동일해야 합니다. 따라서 DC에 보유 중인 ETF는 다른 IRP로 그대로 이전할 수 없습니다.

(출처: 퇴직급여법 제20조 제6항, 고용노동부 유권해석) 

[후속 제안]
추가로 궁금한 점이 있으시면 언제든지 다시 질문해주세요.",371,5.27,N
2,DC에 보유 중인 ETF는 퇴직 시 IRP로 그대로 실물이전 못하나?,full,cot,"
당신은 퇴직연금에 특화된 금융상담 전문가입니다.
아래의 고객 질문에 답할 때 반드시 **단계별(1단계→2단계→3단계)**로 생각 과정을 논리적으로 설명하며,
각 단계별로 공식 근거(법령, 제도, 약관 등)를 제시하세요.

[질문] DC에 보유 중인 ETF는 퇴직 시 IRP로 그대로 실물이전 못하나?

(답변 예시)
1단계: 질문의 핵심 쟁점 확인  
2단계: 관련 법규/내규/약관 등 근거 자료 제시  
3단계: 위 근거를 바탕으로 결론 및 실무 안내
","1단계: 이 질문의 핵심은 DC에 보유 중인 ETF를 퇴직 시 IRP로 그대로 실물이전할 수 있는지에 대한 것입니다.

2단계: 실물이전 가능 여부는 해당 ETF 상품의 특성에 따라 달라질 수 있습니다. 내부규정상, DC에 보유 중인 ETF는 IRP로의 실물이전이 어려울 수 있음을 명시하고 있습니다.

3단계: DC에 보유 중인 ETF가 IRP로 그대로 실물이전되지 않는 경우, 대안으로 해당 ETF를 매도하여 현금으로 이체하거나, 다른 상품으로 변경하는 방법을 검토해볼 수 있습니다. 세부한 이체나 변경 절차는 별도로 상담을 통해 안내해드리겠습니다. (퇴직연금 DC 운용가이드)",325,6.34,Y
2,DC에 보유 중인 ETF는 퇴직 시 IRP로 그대로 실물이전 못하나?,full,cove,"
당신은 대한민국 퇴직연금 전문 상담사입니다.
아래 질문에 답할 때, 반드시 다음과 같이 **사실→추론→최종 결론** 3단계로 구분해서 답변하세요:

1. [사실 검증 단계]  
- 질문과 관련된 공식 법령, 약관, 정책 등 핵심 근거를 명확히 나열하세요.
2. [추론 단계]  
- 위 사실을 바탕으로 논리적으로 결론을 도출하세요.
3. [최종 결론]  
- 근거와 추론 결과를 토대로, 고객 질문에 대한 최종 답변을 한 문장으로 요약하세요.

모든 단계는 번호로 구분해서 작성하세요.
[질문] DC에 보유 중인 ETF는 퇴직 시 IRP로 그대로 실물이전 못하나?
","[사실 검증 단계]
- DC에 보유 중인 ETF를 퇴직 시 IRP로 실물이전하는 경우에 대한 근거는 ""퇴직급여법 제20조제6항""에 명시되어 있습니다.
- 퇴직급여법 제20조제6항은 DC가입자가 퇴직 시 IRP로 실물이전을 할 수 있는 경우에 대해 규정하고 있습니다.

[추론 단계]
- 현재는 DC와 IRP 퇴직연금 사업자가 동일한 경우에만 DC에 보유 중인 ETF를 IRP로 실물이전할 수 있습니다.
- 따라서, DC에 보유 중인 ETF를 다른 IRP로 그대로 실물이전하는 것은 불가능합니다.

[최종 결론]
DC에 보유 중인 ETF를 퇴직 시 IRP로 그대로 실물이전하는 것은 불가능합니다. (퇴직급여법 제20조제6항) 
---
추가로 궁금한 점이 있으시면 언제든지 다시 질문해주세요.",385,5.2,Y
2,DC에 보유 중인 ETF는 퇴직 시 IRP로 그대로 실물이전 못하나?,full,cok,"
당신은 퇴직연금/연금/세무 분야의 여러 전문가들의 의견을 종합해 상담을 제공하는 역할입니다.
아래 고객 질문에 대해, **분야별 전문가 의견(예: 퇴직연금 전문가, 세무사, 투자자문가 등)**을 구분해 단계적으로 안내하고,
마지막에는 각 관점의 내용을 종합해 결론을 제시하세요.

(답변 예시)
- [퇴직연금 전문가 관점] ...
- [세무 전문가 관점] ...
- [투자자문가 관점] ...
- [최종 종합] 각 관점 내용을 바탕으로 결론 도출

[질문] DC에 보유 중인 ETF는 퇴직 시 IRP로 그대로 실물이전 못하나?
","[퇴직연금 전문가 관점] 퇴직연금 DC에 보유 중인 ETF는 퇴직 시 IRP로 그대로 실물이전이 불가능합니다. 보유 중인 ETF는 매도 후 현금으로 이전됩니다.

[세무 전문가 관점] 보유 중인 ETF를 퇴직 시 IRP로 실물이전할 수 없으므로, 해당 ETF를 매도할 경우에는 어떤 종류의 세금이 발생할 수 있습니다. 이러한 상황에서는 세무사나 회사의 세무담당자와 상세한 상담이 필요합니다.

[투자자문가 관점] ETF를 보유 중인 고객은 퇴직 시 IRP로 실물이전을 고려할 때, 보유 중인 ETF의 매도와 관련된 수익률, 세금 등을 신중히 고려해야 합니다. 또한, IRP로 이전한 후의 재투자 계획을 세우는 것이 중요합니다.

[최종 종합] 퇴직연금 DC에 보유 중인 ETF는 퇴직 시 IRP로 실물이전이 불가능하며, 해당 ETF는 매도 후에 현금으로 이전됩니다. 이에 따라 세무 및 투자 측면에서 추가적인 상담을 받는 것이 권장됩니다.

[근거]
- 퇴직연금 DC 운용가이드 (신한은행 IRP 내규)
- 퇴직급여법 제20조제6항

퇴직연금 관련 상세한 내용은 신한은행 퇴직연금 상담센터(1577-xxxx)로 연락 주시거나 가까운 지점을 방문하여 상담을 받아보시는 것을 권장드립니다. 추가로 궁금한 점이 있으시면 언제든지 다시 질문해주세요.",639,10.01,N
3,DC형 가입자가 IRP를 거쳐 우회적으로 실물이전을 하는 방법은 무엇인가요?,r0,basic,"
당신은 대한민국 은행에서 일하는 퇴직연금 전문 상담사입니다.
아래의 고객 질문에 대해, 퇴직연금 제도(실물이전, 상품 추천, 퇴직금 계산, 중도인출 등)에 대해
정확하고 친절하게 안내해 주세요.
[질문] DC형 가입자가 IRP를 거쳐 우회적으로 실물이전을 하는 방법은 무엇인가요?
","[1줄 요약]
DC형 가입자가 IRP를 통해 실물이전을 하려면, 먼저 DC형 퇴직연금을 IRP로 이체한 후 IRP에서 다시 다른 퇴직연금으로 이체하는 절차를 거쳐야 합니다.

[핵심 안내]
DC형 가입자가 IRP를 거쳐 실물이전을 하려면 다음과 같은 절차를 따라야 합니다:
1. DC형 퇴직연금을 IRP로 이체합니다.
2. 이후 IRP에서 다시 다른 퇴직연금으로 이체하는 절차를 진행합니다.

[세부 절차/조건/유의사항]
- DC형 가입자가 IRP로 실물이전을 하려면, 먼저 DC형 퇴직연금을 IRP로 이체해야 합니다. 이는 일시금을 IRP로 옮겨 놓는 것을 의미합니다.
- 이후 IRP에서 다른 퇴직연금으로의 이체를 원할 경우, 해당 퇴직연금사업자의 이체 절차 및 요구사항을 준수해야 합니다.
- 이전 시 발생할 수 있는 수수료나 세금 부과에 대한 정보는 개별 사례에 따라 상이하므로, 상세한 내용은 이전을 원하는 새로운 퇴직연금사업자에게 문의하시는 것이 좋습니다.

(출처: 퇴직연금 특례제도에 관한 법률 §12, 15, 15-2) 

[후속 제안]
추가로 궁금한 점이 있으시면 언제든지 다시 질문해주세요. 더 자세한 상담이나 진행을 원하시면 신한은행 퇴직연금 상담센터(1577-xxxx)로 연락 주시거나 가까운 지점을 방문해 주시면 친절히 안내해 드리겠습니다.",652,7.72,N
3,DC형 가입자가 IRP를 거쳐 우회적으로 실물이전을 하는 방법은 무엇인가요?,r0,cot,"
당신은 퇴직연금에 특화된 금융상담 전문가입니다.
아래의 고객 질문에 답할 때 반드시 **단계별(1단계→2단계→3단계)**로 생각 과정을 논리적으로 설명하며,
각 단계별로 공식 근거(법령, 제도, 약관 등)를 제시하세요.

[질문] DC형 가입자가 IRP를 거쳐 우회적으로 실물이전을 하는 방법은 무엇인가요?

(답변 예시)
1단계: 질문의 핵심 쟁점 확인  
2단계: 관련 법규/내규/약관 등 근거 자료 제시  
3단계: 위 근거를 바탕으로 결론 및 실무 안내
","[답변]
1단계: DC형 가입자가 IRP를 거쳐 실물이전을 하려는 경우, 핵심은 실물이전을 할 수 있는 방법과 절차입니다.

2단계: DC형 가입자가 IRP를 거쳐 실물이전을 할 경우, 근거는 근로자퇴직급여보장법 제36조(비대면 방식의 연금이전), 신한은행 퇴직연금 상품약관 등에 따라 가능합니다. 가입자는 퇴직연금사업자나 금융회사에게 이전 의사를 통보하고 이전 동의서를 작성하여야 합니다. 

3단계: DC형 가입자가 IRP를 거쳐 실물이전을 하려면, 먼저 신한은행과 IRP사업자에게 이전 동의서를 작성하여 신청해야 합니다. 이후, 이전 절차가 완료되면 실물이전이 이루어지며, 해당 과정에서 추가적인 서류나 절차가 요구될 수 있습니다. (근로자퇴직급여보장법 제36조, 신한은행 퇴직연금 상품약관) 

후속 제안: 추가로 궁금한 점이 있으시면 언제든지 다시 질문해주세요.",431,6.37,Y
3,DC형 가입자가 IRP를 거쳐 우회적으로 실물이전을 하는 방법은 무엇인가요?,r0,cove,"
당신은 대한민국 퇴직연금 전문 상담사입니다.
아래 질문에 답할 때, 반드시 다음과 같이 **사실→추론→최종 결론** 3단계로 구분해서 답변하세요:

1. [사실 검증 단계]  
- 질문과 관련된 공식 법령, 약관, 정책 등 핵심 근거를 명확히 나열하세요.
2. [추론 단계]  
- 위 사실을 바탕으로 논리적으로 결론을 도출하세요.
3. [최종 결론]  
- 근거와 추론 결과를 토대로, 고객 질문에 대한 최종 답변을 한 문장으로 요약하세요.

모든 단계는 번호로 구분해서 작성하세요.
[질문] DC형 가입자가 IRP를 거쳐 우회적으로 실물이전을 하는 방법은 무엇인가요?
","[1. 사실 검증 단계]
- DC형(Defined Contribution) 가입자가 IRP(Individual Retirement Pension)를 거치고 실물이전을 하는 방법에 대한 명확한 근거는 제시되지 않았습니다.

[2. 추론 단계]
- DC형 퇴직연금은 가입자가 정한 기간 동안 납입한 금액과 수익에 따라 퇴직 시 수령할 수 있는 연금이 결정되는 형태입니다. 
- IRP는 퇴직급여제도의 일시금을 수령한 자 등이 퇴직급여를 적립 및 운용하기 위해 설정하는 계좌입니다.
- DC형 가입자가 IRP를 통해 실물이전을 하려면, 현재 DC형 퇴직연금 자산을 IRP로 이체하고 이후 IRP에서 다시 실물이전을 진행해야 합니다.

[3. 최종 결론]
- DC형 가입자가 IRP를 거쳐 우회적으로 실물이전을 하는 방법은, 현재 DC형 퇴직연금 자산을 IRP로 이체하고 이후 IRP에서 실물이전 절차를 따르면 가능합니다. (신한은행 내규 참조)

퇴직연금 상품간의 자금 이동이 필요한 경우에는 신한은행 퇴직연금 상담센터(1577-xxxx)로 문의하시거나 가까운 지점을 방문하여 상세히 안내받을 수 있습니다. 추가로 궁금한 점이 있으시면 언제든지 다시 질문해주세요.",592,9.24,Y
3,DC형 가입자가 IRP를 거쳐 우회적으로 실물이전을 하는 방법은 무엇인가요?,r0,cok,"
당신은 퇴직연금/연금/세무 분야의 여러 전문가들의 의견을 종합해 상담을 제공하는 역할입니다.
아래 고객 질문에 대해, **분야별 전문가 의견(예: 퇴직연금 전문가, 세무사, 투자자문가 등)**을 구분해 단계적으로 안내하고,
마지막에는 각 관점의 내용을 종합해 결론을 제시하세요.

(답변 예시)
- [퇴직연금 전문가 관점] ...
- [세무 전문가 관점] ...
- [투자자문가 관점] ...
- [최종 종합] 각 관점 내용을 바탕으로 결론 도출

[질문] DC형 가입자가 IRP를 거쳐 우회적으로 실물이전을 하는 방법은 무엇인가요?
","[퇴직연금 전문가 관점]
- **1줄 요약:** DC형 가입자가 IRP를 통해 실물이전을 하기 위해서는 특정 절차와 유의사항을 준수해야 합니다.
- **핵심 안내:** DC형 가입자가 실물이전을 위해 IRP를 활용하는 경우, 퇴직연금 사업자와의 계약 및 이전 절차를 따라야 합니다.
- **세부 절차/조건/유의사항:** DC형 가입자가 IRP를 통해 실물이전을 하려면 먼저 퇴직연금 사업자에게 실물이전을 요청해야 하며, 해당 사업자의 안내에 따라 필요한 서류를 제출하고 절차를 진행해야 합니다. 이 때, 세금 및 수수료 등이 발생할 수 있으며, 이전이 제한될 수 있는 특정 조건(예: 특정 보험사, 특정 연령)이 있을 수 있습니다.
- **(출처):** (퇴직연금법 시행령 제55조)
- **후속 제안:** 추가로 궁금한 점이 있으시면 언제든지 다시 질문해주세요.더 자세한 상담이나 진행을 원하시면 신한은행 퇴직연금 상담센터(1577-xxxx)로 연락 주시거나 가까운 지점을 방문해 주시면 친절히 안내해 드리겠습니다.

[세무 전문가 관점]
- **1줄 요약:** 세무 상의 측면에서 DC형 가입자가 IRP를 통해 실물이전을 할 시에 발생할 수 있는 세금 부과 사항을 고려해야 합니다.
- **핵심 안내:** DC형 가입자가 IRP를 활용하여 실물이전을 하는 경우, 세금 부과 사항이 발생할 수 있으며, 해당 세금은 정확한 신고 및 과세가 이루어져야 합니다.
- **세부 절차/조건/유의사항:** 이전 과정에서 발생하는 세금은 해당 소득에 대한 종합소득세가 부과될 수 있으며, 추가적으로 보고서 및 신고가 요구될 수 있습니다. DC형 가입자는 실물이전을 위한 세부 세제 규정을 충분히 숙지해야 합니다.
- **(출처):** (소득세법 제134조)
- **후속 제안:** 추가로 궁금한 점이 있으시면 언제든지 다시 질문해주세요.더 자세한 상담이나 진행을 원하시면 신한은행 퇴직연금 상담센터(1577-xxxx)로 연락 주시거나 가까운 지점을 방문해 주시면 친절히 안내해 드리겠습니다.

[투자자문가 관점]
- **1줄 요약:** DC형 가입자가 IRP를 활용하여 실물이전을 하는 경우, 투자 포트폴리오 및 수익률을 고려하여 최적의 이전 전략을 수립해야 합니다.
- **핵심 안내:** IRP를 통해 실물이전을 할 때, 투자자는 이전 후 새로운 투자 포트폴리오 및 예상 수익률을 올바르게 평가하고 분석해야 합니다.
- **세부 절차/조건/유의사항:** DC형 가입자가 IRP를 활용하여 실물이전을 할 때, 투자 포트폴리오의 리스크, 예상 수익률, 수수료 등을 신중히 고려하여 최적의 전략을 수립해야 합니다. 또한, 이전 후에도 투자 포트폴리오의 리밸런싱 및 모니터링이 필요합니다.
- **(출처):** (퇴직연금법 시행령 제47조)
- **후속 제안:** 추가로 궁금한 점이 있으시면 언제든지 다시 질문해주세요. 더 자세한 투자 상담이나 전략 수립을 원하시면 신한은행 퇴직연금 상담센터(1577-xxxx)로 연락 주시거나 가까운 지점을 방문해 주시면 친절히 안내해 드리겠습니다.

[최종 종합]
- DC형 가입자가 IRP를 통해 실물이전을 하기 위해서는 퇴직연금 사업자와의 절차를 준수해야 하며, 세무 상의 측면에서는 세금 부과 사항을 고려하고, 투자적 측면에서는 투자 포트폴리오 및 수익률을 고려하여 최적의 이전 전략을 수립해야 합니다. 모든 절차를 충분히 숙지하고 이행할 시, 실물이전을 원활하게 진행할 수 있습니다.",1688,13.12,N
3,DC형 가입자가 IRP를 거쳐 우회적으로 실물이전을 하는 방법은 무엇인가요?,r1,basic,"
당신은 대한민국 은행에서 일하는 퇴직연금 전문 상담사입니다.
아래의 고객 질문에 대해, 퇴직연금 제도(실물이전, 상품 추천, 퇴직금 계산, 중도인출 등)에 대해
정확하고 친절하게 안내해 주세요.
[질문] DC형 가입자가 IRP를 거쳐 우회적으로 실물이전을 하는 방법은 무엇인가요?
","[1줄 요약]
DC형 가입자가 IRP를 통해 실물이전을 하려면, 퇴직급여법 제20조 제6항에 따라 DC와 IRP 사업자가 동일해야 가능합니다.

[핵심 안내]
DC형 가입자가 IRP를 거쳐 실물이전을 하기 위해서는 다음과 같은 조건이 충족되어야 합니다:
1. 퇴직급여법 제20조 제6항에 따라 DC와 IRP 사업자가 동일해야 합니다.

[세부 절차/조건/유의사항]
- DC형 가입자가 IRP를 통해 실물이전을 원할 경우, 해당 DC와 IRP 사업자가 동일한 경우에만 가능합니다. 즉, 같은 퇴직연금사업자에게서 운용되고 있는 DC와 IRP가 있어야 합니다.
- 퇴직급여법 제20조 제6항에 따라 DC와 IRP 사업자가 다를 경우, 실물이전을 할 수 없습니다. 이 경우, 다른 형태의 이전 방법을 검토해야 합니다.

(출처: 퇴직연금 DC 운용가이드, 신한투자증권 IRP, 퇴직급여법 제20조 제6항) 

[후속 제안]
추가로 궁금한 점이 있으시면 언제든지 다시 질문해주세요. 더 자세한 상담이나 진행을 원하시면 신한은행 퇴직연금 상담센터(1577-xxxx)로 연락 주시거나 가까운 지점을 방문해 주시면 친절히 안내해 드리겠습니다.",575,6.69,N
3,DC형 가입자가 IRP를 거쳐 우회적으로 실물이전을 하는 방법은 무엇인가요?,r1,cot,"
당신은 퇴직연금에 특화된 금융상담 전문가입니다.
아래의 고객 질문에 답할 때 반드시 **단계별(1단계→2단계→3단계)**로 생각 과정을 논리적으로 설명하며,
각 단계별로 공식 근거(법령, 제도, 약관 등)를 제시하세요.

[질문] DC형 가입자가 IRP를 거쳐 우회적으로 실물이전을 하는 방법은 무엇인가요?

(답변 예시)
1단계: 질문의 핵심 쟁점 확인  
2단계: 관련 법규/내규/약관 등 근거 자료 제시  
3단계: 위 근거를 바탕으로 결론 및 실무 안내
","[답변]
1단계: DC형 가입자가 IRP를 거쳐 실물이전을 하는 핵심 방법은 소속 DC 계좌를 IRP 계좌로 이전하는 것입니다.

2단계: 퇴직급여법 제20조제6항에 따르면 DC가입자가 퇴직 시 IRP로 실물이전을 할 수 있습니다. 현재는 DC 및 IRP 퇴직연금사업자가 동일한 경우에만 가능합니다. 이를 통해 DC형 가입자는 IRP를 통해 실물이전을 할 수 있습니다. (출처: 퇴직급여법 제20조제6항)

3단계: 따라서, DC형 가입자가 IRP를 거쳐 우회적으로 실물이전을 하려면 먼저 퇴직 시 DC 계좌의 자산을 IRP 계좌로 실물이전하는 절차를 따라야 합니다. 이를 위해서는 해당 DC 및 IRP 퇴직연금사업자에게 문의하시어 상세한 절차와 필요 서류 등을 확인하시기 바랍니다. 추가로 궁금한 사항이 있으시면 언제든지 질문해주세요. (출처: 퇴직급여법 제20조제6항)

퇴직연금에 대한 더 상세한 상담을 원하시거나 실물이전에 대한 안내가 필요하신 경우에는 신한은행 퇴직연금 상담센터(1577-xxxx)로 연락 주시거나 가까운 지점을 방문하셔서 상담을 받아보실 수 있습니다. 추가로 궁금한 점이 있으면 언제든지 다시 질문해주세요.",578,6.59,Y
3,DC형 가입자가 IRP를 거쳐 우회적으로 실물이전을 하는 방법은 무엇인가요?,r1,cove,"
당신은 대한민국 퇴직연금 전문 상담사입니다.
아래 질문에 답할 때, 반드시 다음과 같이 **사실→추론→최종 결론** 3단계로 구분해서 답변하세요:

1. [사실 검증 단계]  
- 질문과 관련된 공식 법령, 약관, 정책 등 핵심 근거를 명확히 나열하세요.
2. [추론 단계]  
- 위 사실을 바탕으로 논리적으로 결론을 도출하세요.
3. [최종 결론]  
- 근거와 추론 결과를 토대로, 고객 질문에 대한 최종 답변을 한 문장으로 요약하세요.

모든 단계는 번호로 구분해서 작성하세요.
[질문] DC형 가입자가 IRP를 거쳐 우회적으로 실물이전을 하는 방법은 무엇인가요?
","[1. 사실 검증 단계]
- 퇴직급여법 제20조 제6항에 따르면 DC 가입자가 퇴직 시 IRP로 실물이전을 할 수 있습니다. (퇴직급여법)
- IRP 운용가이드에 따르면 신한투자증권 IRP는 퇴직 연금에서 발생한 퇴직금을 받을 수 있는 평생 절세 통장이며, IRP로 개인부담금을 입금하면 연말정산 세액공제 혜택을 받을 수 있습니다. (신한투자증권 IRP 운용가이드)

[2. 추론 단계]
DC 가입자가 IRP를 거쳐 실물이전을 할 수 있는 방법은 다음과 같습니다:
- DC 계좌를 IRP로 우선 이체합니다. 이를 통해 퇴직금을 IRP 계좌로 이전하여 DC에서 IRP로의 실물이전을 완료합니다.

[3. 최종 결론]
DC형 가입자가 IRP를 거쳐 우회적으로 실물이전을 하는 방법은, 퇴직 시 DC 계좌에 있는 금액을 IRP로 우선 이체하고, IRP 계좌로 퇴직금을 이전하는 방식으로 가능합니다. (퇴직급여법, 신한투자증권 IRP 운용가이드) 
더 궁금한 점이 있으시면 언제든지 다시 질문해주세요.",500,6.18,Y
3,DC형 가입자가 IRP를 거쳐 우회적으로 실물이전을 하는 방법은 무엇인가요?,r1,cok,"
당신은 퇴직연금/연금/세무 분야의 여러 전문가들의 의견을 종합해 상담을 제공하는 역할입니다.
아래 고객 질문에 대해, **분야별 전문가 의견(예: 퇴직연금 전문가, 세무사, 투자자문가 등)**을 구분해 단계적으로 안내하고,
마지막에는 각 관점의 내용을 종합해 결론을 제시하세요.

(답변 예시)
- [퇴직연금 전문가 관점] ...
- [세무 전문가 관점] ...
- [투자자문가 관점] ...
- [최종 종합] 각 관점 내용을 바탕으로 결론 도출

[질문] DC형 가입자가 IRP를 거쳐 우회적으로 실물이전을 하는 방법은 무엇인가요?
","[퇴직연금 전문가 관점]
- **핵심 안내:** DC형 가입자가 IRP를 통해 실물이전을 하려면, 먼저 DC 계좌에서 IRP 계좌로 이전을 진행해야 합니다. DC와 IRP는 다른 형태의 상품이므로, IRP로의 이전 시에는 세전혜택 및 세후환급금액 등을 신중히 고려해야 합니다.
- **세부 절차/조건/유의사항:** DC형 가입자가 IRP를 통해 실물이전을 하기 위해서는 먼저 직접 신한투자증권을 방문하여 IRP 계좌를 개설해야 합니다. 이후 DC 계좌의 금액을 IRP 계좌로 이체하여 상품들을 그대로 이전할 수 있습니다. 다만, 이때 발생할 수 있는 세금과 수수료 등 추가 비용 및 환급금액 등을 고려하여 신중하게 결정해야 합니다.
- **(출처):** 근로자퇴직급여보장법, 퇴직연금 DC 운용가이드

[세무 전문가 관점]
- **핵심 안내:** DC형 가입자가 IRP를 통해 실물이전을 할 경우, 세무적인 측면에서 추가 세금 및 세액공제 혜택 등을 고려해야 합니다.
- **세부 절차/조건/유의사항:** 실물이전을 통해 DC 계좌에서 IRP 계좌로 자금을 이동할 때, 추가 세금이 발생할 수 있으며, 이전 시점에 따라 세액공제 혜택을 최대한 활용할 수 있습니다. DC와 IRP 상품의 세금 혜택 및 세율 등을 비교 분석하여 올바른 결정을 내리는 것이 중요합니다.
- **(출처):** 근로자세법, IRP 운용가이드

[투자자문가 관점]
- **핵심 안내:** DC형 가입자가 IRP를 통해 실물이전을 하는 경우, 투자 포트폴리오를 유지하면서 세전 혜택 및 세후 수익을 극대화할 수 있습니다.
- **세부 절차/조건/유의사항:** IRP 계좌로의 이전을 통해 투자 포트폴리오를 그대로 유지할 수 있으며, 퇴직 후의 자금 운용 및 세제적 혜택을 효율적으로 활용할 수 있습니다. 퇴직연금의 투자성향 및 목표 수익률 등을 고려하여 전략을 구상하는 것이 중요합니다.
- **(출처):** IRP 운용가이드

[최종 종합]
DC형 가입자가 IRP를 통해 실물이전을 위해서는 먼저 IRP 계좌를 개설한 후, DC 계좌에서 IRP 계좌로 자금을 이전해야 합니다. 세무 및 투자의 전문가적인 조언을 듣고, 세전 혜택과 투자 포트폴리오를 고려하여 신중한 결정을 내리는 것이 바람직합니다. 이를 통해 퇴직연금 자금의 성장과 안정성을 모두 확보할 수 있습니다.",1142,17.97,N
3,DC형 가입자가 IRP를 거쳐 우회적으로 실물이전을 하는 방법은 무엇인가요?,r2,basic,"
당신은 대한민국 은행에서 일하는 퇴직연금 전문 상담사입니다.
아래의 고객 질문에 대해, 퇴직연금 제도(실물이전, 상품 추천, 퇴직금 계산, 중도인출 등)에 대해
정확하고 친절하게 안내해 주세요.
[질문] DC형 가입자가 IRP를 거쳐 우회적으로 실물이전을 하는 방법은 무엇인가요?
","**1줄 요약:** DC형 가입자가 IRP를 통해 실물이전을 하는 것은 법적으로 문제가 있으며, 일반적인 절차를 따라 실물이전을 진행해야 합니다.

**핵심 안내:** DC형 가입자가 IRP를 통해 실물이전을 하는 것은 법적으로 문제가 될 뿐만 아니라 정상적인 퇴직연금 업무처리에도 어려움을 초래할 수 있습니다. 이에 따라 일반적인 방법으로 실물이전을 진행해야 합니다.

**세부 절차/조건/유의사항:** DC형 가입자가 IRP를 통해 실물이전을 시도하는 것은 법적으로 문제가 될 수 있습니다. 또한, 실물이전의 경우 일정한 절차와 조건을 준수해야 합니다. 만약 실물이전을 원하신다면, 관련 부서나 상담센터를 통해 실물이전 신청을 진행하셔야 합니다.

**(출처):** (퇴직연금 가입규정), (단독계약 가입규정)

**후속 제안:** 추가로 궁금한 점이 있으시면 언제든지 다시 질문해주세요. 더 자세한 상담이나 진행을 원하시면 신한은행 퇴직연금 상담센터(1577-xxxx)로 연락 주시거나 가까운 지점을 방문해 주시면 친절히 안내해 드리겠습니다.",530,6.45,N
3,DC형 가입자가 IRP를 거쳐 우회적으로 실물이전을 하는 방법은 무엇인가요?,r2,cot,"
당신은 퇴직연금에 특화된 금융상담 전문가입니다.
아래의 고객 질문에 답할 때 반드시 **단계별(1단계→2단계→3단계)**로 생각 과정을 논리적으로 설명하며,
각 단계별로 공식 근거(법령, 제도, 약관 등)를 제시하세요.

[질문] DC형 가입자가 IRP를 거쳐 우회적으로 실물이전을 하는 방법은 무엇인가요?

(답변 예시)
1단계: 질문의 핵심 쟁점 확인  
2단계: 관련 법규/내규/약관 등 근거 자료 제시  
3단계: 위 근거를 바탕으로 결론 및 실무 안내
","1단계: 질문의 핵심 쟁점 확인

DC형 가입자가 IRP를 거쳐 우회적으로 실물이전을 한다는 것은 퇴직연금을 IRP로 이전한 후, 다시 실물이전을 시도한다는 것입니다.

2단계: 관련 법규/내규/약관 등 근거 자료 제시

DC형 가입자가 IRP를 통해 실물이전을 우회하는 경우, 관련 법규나 내규에 따라서 처리됩니다. 신한은행의 경우, 이러한 경우를 대비하여 별도의 규정 및 절차가 설정되어 있습니다. 

3단계: 위 근거를 바탕으로 결론 및 실무 안내

만약 DC형 가입자가 IRP를 거쳐 실물이전을 하려고 한다면, 먼저 IRP로의 이전을 거쳐야 합니다. 이후 추가적인 실물이전 절차가 필요할 경우, 해당 절차와 관련 서류는 신한은행의 관련 부서나 온라인 플랫폼을 통해 안내받을 수 있습니다. 따라서, DC형 가입자가 IRP를 거친 후 추가적인 실물이전을 진행하려는 경우에는 신한은행의 공식 절차를 따라 진행해야 합니다. 

(참조: 신한은행 IRP 내규, 퇴직연금 관련 규정)<br>
퇴직연금 상담센터(1577-xxxx)로 연락 주시거나 가까운 지점을 방문해 주시면 친절히 안내해 드리겠습니다.",558,9.42,Y
3,DC형 가입자가 IRP를 거쳐 우회적으로 실물이전을 하는 방법은 무엇인가요?,r2,cove,"
당신은 대한민국 퇴직연금 전문 상담사입니다.
아래 질문에 답할 때, 반드시 다음과 같이 **사실→추론→최종 결론** 3단계로 구분해서 답변하세요:

1. [사실 검증 단계]  
- 질문과 관련된 공식 법령, 약관, 정책 등 핵심 근거를 명확히 나열하세요.
2. [추론 단계]  
- 위 사실을 바탕으로 논리적으로 결론을 도출하세요.
3. [최종 결론]  
- 근거와 추론 결과를 토대로, 고객 질문에 대한 최종 답변을 한 문장으로 요약하세요.

모든 단계는 번호로 구분해서 작성하세요.
[질문] DC형 가입자가 IRP를 거쳐 우회적으로 실물이전을 하는 방법은 무엇인가요?
","[1. 사실 검증 단계]
- DC형 퇴직연금은 일반적으로 개인과 기업이 계약을 통해 운용되는 유형으로, IRP(Individual Retirement Pension)은 개인별로 운영되는 연금 유형입니다. 실물이전은 퇴직연금을 현재 소속한 연금 제도에서 다른 제도로 이전하는 절차를 말합니다.

[2. 추론 단계]
- DC형 연금을 IRP로 우회적으로 실물 이전하는 것은 법적으로 허용되지 않습니다. 일반적으로 DC형 부담금 중 IRP로 이체하여 활용하거나 이를 실물 이전하는 행위는 법 위반으로 간주될 수 있습니다.

[3. 최종 결론]
- DC형 가입자가 IRP를 거쳐 우회적으로 실물이전을 하는 것은 법적으로 허용되지 않으며, 해당 절차는 퇴직연금 제도의 원칙과 규정을 준수해야 합니다. 추가로 궁금한 사항이 있으시면 언제든지 다시 질문해주세요.",419,5.45,Y
3,DC형 가입자가 IRP를 거쳐 우회적으로 실물이전을 하는 방법은 무엇인가요?,r2,cok,"
당신은 퇴직연금/연금/세무 분야의 여러 전문가들의 의견을 종합해 상담을 제공하는 역할입니다.
아래 고객 질문에 대해, **분야별 전문가 의견(예: 퇴직연금 전문가, 세무사, 투자자문가 등)**을 구분해 단계적으로 안내하고,
마지막에는 각 관점의 내용을 종합해 결론을 제시하세요.

(답변 예시)
- [퇴직연금 전문가 관점] ...
- [세무 전문가 관점] ...
- [투자자문가 관점] ...
- [최종 종합] 각 관점 내용을 바탕으로 결론 도출

[질문] DC형 가입자가 IRP를 거쳐 우회적으로 실물이전을 하는 방법은 무엇인가요?
","[퇴직연금 전문가 관점]
DC형 가입자가 IRP를 통해 실물이전을 한다는 것은 일반적으로 불가능한 절차입니다. DC형과 IRP는 서로 다른 퇴직연금 유형이기 때문에 직접적인 실물이전은 이루어지지 않습니다. 따라서, DC형 가입자가 실물이전을 원할 경우, 일부금액을 인출하거나 다른 퇴직연금 상품으로 이전하는 것이 가능한 대안일 수 있습니다.

[세무 전문가 관점]
DC형 가입자가 IRP를 통해 실물이전을 시도하는 것은 세무상으로도 문제가 될 수 있습니다. 실물이전은 퇴직연금의 법인세 혜택을 받을 수 있는 특권적인 절차이기 때문에, 이를 부당하게 활용하는 것은 세무법상 문제가 될 수 있습니다. 세무사와 상담하여 세무적인 측면도 고려해야 합니다.

[투자자문가 관점]
DC형 가입자가 실물이전을 원하는 경우, 투자적인 측면에서는 IRP를 통해 자산을 운용할 수 있는 장점이 있지만, 이를 퇴직연금으로의 실물이전으로 이어지기는 어렵습니다. 따라서, 투자적인 측면에서는 다른 자산 운용 방안을 고려해야 합니다.

[최종 종합]
DC형 가입자가 IRP를 통해 실물이전을 하는 것은 퇴직연금의 본래 목적에 어긋나는 행위이며, 법적, 세무적으로도 문제가 될 수 있습니다. 대신, DC형 가입자가 실물이전을 원할 경우, 해당 역할을 대행할 수 있는 자산을 일부 인출하거나 다른 퇴직연금 상품으로 변경하는 등의 대안을 모색하는 것이 좋습니다.

[근거]
- 기업형IRP 계약이전 및 DC신규서류 처리 방법
- 당행 퇴직연금 가입업체 가입자 중 당행 개인형IRP 가입유무 확인 방법 (출처: 당행 IRP 내규 및 가입절차)
- DC형 부담금 일부금액을 IRP로 입금하는 경우 문제점 관련 Q&A (출처: 당행 IRP FAQ)",846,12.25,N
3,DC형 가입자가 IRP를 거쳐 우회적으로 실물이전을 하는 방법은 무엇인가요?,r3,basic,"
당신은 대한민국 은행에서 일하는 퇴직연금 전문 상담사입니다.
아래의 고객 질문에 대해, 퇴직연금 제도(실물이전, 상품 추천, 퇴직금 계산, 중도인출 등)에 대해
정확하고 친절하게 안내해 주세요.
[질문] DC형 가입자가 IRP를 거쳐 우회적으로 실물이전을 하는 방법은 무엇인가요?
","[1줄 요약]
DC형 가입자가 IRP를 통해 실물이전을 원할 시, 먼저 IRP 계좌 개설을 통해 퇴직급여를 수령한 뒤, 실물이전이 원활히 이뤄질 수 있습니다.

[핵심 안내]
DC형 가입자가 IRP를 통해 실물이전을 원할 때, 먼저 IRP 계좌를 개설하여 퇴직급여를 수령합니다. 그 후, 퇴직급여를 IRP 계좌로 이체하고, 원하는 시점에 실물이전을 신청하면 됩니다.

[세부 절차/조건/유의사항]
DC형 가입자가 IRP를 통해 실물이전을 하려면 다음과 같은 절차를 따라야 합니다:
1. IRP 개설: 퇴직급여를 수령하기 위해 IRP 계좌를 개설합니다.
2. 퇴직급여 이체: 퇴직급여를 IRP 계좌로 이체합니다.
3. 실물이전 신청: 원하는 시점에 IRP 계좌의 자산을 다른 퇴직연금 상품으로 실물이전을 요청합니다.
4. 이때, 이전을 원하는 상품이 실물이전을 지원하는 상품이어야 합니다. 일부 상품은 이전이 불가능할 수 있으니 유의해야 합니다.

(출처: 퇴직연금 가입자 법규)

[후속 제안]
추가로 궁금한 점이 있으시면 언제든지 다시 질문해주세요. 더 자세한 상담이나 진행을 원하시면 신한은행 퇴직연금 상담센터(1577-xxxx)로 연락 주시거나 가까운 지점을 방문해 주시면 친절히 안내해 드리겠습니다.",619,10.14,N
3,DC형 가입자가 IRP를 거쳐 우회적으로 실물이전을 하는 방법은 무엇인가요?,r3,cot,"
당신은 퇴직연금에 특화된 금융상담 전문가입니다.
아래의 고객 질문에 답할 때 반드시 **단계별(1단계→2단계→3단계)**로 생각 과정을 논리적으로 설명하며,
각 단계별로 공식 근거(법령, 제도, 약관 등)를 제시하세요.

[질문] DC형 가입자가 IRP를 거쳐 우회적으로 실물이전을 하는 방법은 무엇인가요?

(답변 예시)
1단계: 질문의 핵심 쟁점 확인  
2단계: 관련 법규/내규/약관 등 근거 자료 제시  
3단계: 위 근거를 바탕으로 결론 및 실무 안내
","[고객 요약정보]
- 이름: 45세
- 퇴직연금 유형: DC형, 잔고 0원
- 주식투자여부: N
- 펀드투자여부: 건강보험, 실손보험
- 보험: 150,000원, 월 보험료 0원
- 보유 ETF: KODEX코스피

1단계: 질문의 핵심 쟁점 확인
DC형 가입자가 IRP를 거쳐 우회적으로 실물이전할 수 있는 방법에 대해 알고 싶어합니다.

2단계: 관련 법규/내규/약관 등 근거 자료 제시
- DC형 퇴직연금은 개인회사가 퇴직연금을 가입하고, 퇴직 시 연금을 받는 형태입니다.
- IRP(Individual Retirement Plan)는 근로자나 피부양자가 개인적으로 퇴직연금을 설정하는 계좌입니다. 이를 활용해 우회적인 실물이전을 진행할 수 있습니다. IRP는 거치연금 이자율을 제공하며, DC형 퇴직연금과 유사한 성격을 가집니다.

3단계: 위 근거를 바탕으로 결론 및 실무 안내
DC형 가입자는 IRP를 통해 거치연금을 설정하고, 거치 연금 이자율을 활용하여 우회적인 실물이전을 할 수 있습니다. IRP를 통해 일시금을 적립하거나 운용할 수 있으며, 이를 통해 퇴직급여를 효율적으로 관리할 수 있습니다. 추가로 궁금한 사항이 있으시면 언제든지 문의해주세요. (출처: 개인퇴직계좌(IRP), 거치연금, 거치연금이자율)",628,7.7,Y
3,DC형 가입자가 IRP를 거쳐 우회적으로 실물이전을 하는 방법은 무엇인가요?,r3,cove,"
당신은 대한민국 퇴직연금 전문 상담사입니다.
아래 질문에 답할 때, 반드시 다음과 같이 **사실→추론→최종 결론** 3단계로 구분해서 답변하세요:

1. [사실 검증 단계]  
- 질문과 관련된 공식 법령, 약관, 정책 등 핵심 근거를 명확히 나열하세요.
2. [추론 단계]  
- 위 사실을 바탕으로 논리적으로 결론을 도출하세요.
3. [최종 결론]  
- 근거와 추론 결과를 토대로, 고객 질문에 대한 최종 답변을 한 문장으로 요약하세요.

모든 단계는 번호로 구분해서 작성하세요.
[질문] DC형 가입자가 IRP를 거쳐 우회적으로 실물이전을 하는 방법은 무엇인가요?
","[1. 사실 검증 단계]
- 퇴직연금 가입자가 개인퇴직계좌(IRP)를 통해 연금급여를 수령할 수 있음. 이는 근로자퇴직급여보장법에 근거함. (근로자퇴직급여보장법 제13조)
- IRP는 퇴직급여제도의 일시금을 수령한 자 등이 설정하는 계좌로, 퇴직연금사업자에게 설정됨. (신한은행 IRP 내규 1항)

[2. 추론 단계]
- DC형(Defined Contribution) 가입자가 IRP를 거쳐 실물이전을 하려면, 우선 DC형 퇴직연금 자산을 IRP로 이체해야 합니다.
- 이후 IRP에서 퇴직연금을 받아야 하는 절차를 거쳐야 합니다. 이를 통해 실물이전을 할 수 있습니다.

[3. 최종 결론]
DC형 가입자가 IRP를 통해 우회적으로 실물이전을 하려면, 먼저 DC형 퇴직연금 자산을 IRP로 이체한 후 IRP에서 퇴직연금을 받는 절차를 따라야 합니다. (근로자퇴직급여보장법 제13조, 신한은행 IRP 내규 1항) 
추가로 궁금한 점이 있으시면 언제든지 다시 질문해주세요.",488,5.93,Y
3,DC형 가입자가 IRP를 거쳐 우회적으로 실물이전을 하는 방법은 무엇인가요?,r3,cok,"
당신은 퇴직연금/연금/세무 분야의 여러 전문가들의 의견을 종합해 상담을 제공하는 역할입니다.
아래 고객 질문에 대해, **분야별 전문가 의견(예: 퇴직연금 전문가, 세무사, 투자자문가 등)**을 구분해 단계적으로 안내하고,
마지막에는 각 관점의 내용을 종합해 결론을 제시하세요.

(답변 예시)
- [퇴직연금 전문가 관점] ...
- [세무 전문가 관점] ...
- [투자자문가 관점] ...
- [최종 종합] 각 관점 내용을 바탕으로 결론 도출

[질문] DC형 가입자가 IRP를 거쳐 우회적으로 실물이전을 하는 방법은 무엇인가요?
","[퇴직연금 전문가 관점]
- **핵심 안내:** DC형 가입자가 IRP를 통해 실물이전을 하려면, 먼저 DC형 퇴직연금 자산을 IRP로 이체하는 과정을 거쳐야 합니다.
- **세부 절차/조건/유의사항:** DC형 퇴직연금에서 IRP로 자산을 이체하기 위해서는 먼저 해당 기관에 이체 신청을 해야 합니다. 이때, 이체 시 DC형 퇴직연금과 IRP의 규정 및 제한사항을 반드시 확인해야 합니다. 또한, DC형 퇴직연금의 해지나 이전 시 발생할 수 있는 세금 부담과 수수료 등을 고려해야 합니다.
- **(출처):** (퇴직연금 특례법 제14조)

[세무 전문가 관점]
- **핵심 안내:** DC형 가입자가 IRP를 통해 실물이전을 할 경우, 이전 과정에서 세금 부과 사항을 고려해야 합니다.
- **세부 절차/조건/유의사항:** 실물이전 시 DC형 퇴직연금 자산이 IRP로 이전될 때, 이는 과세 이벤트가 발생할 수 있습니다. 이에 따라 실물이전 시 세금 부과 여부와 세금 부담을 사전에 충분히 검토해야 합니다. 추가로, 실물이전의 경우 관련 수수료와 부가적인 비용도 고려해야 합니다.
- **(출처):** (소득세법 제54조)

[투자자문가 관점]
- **핵심 안내:** DC형 가입자가 IRP를 거쳐 실물이전을 하는 경우, 투자에 대한 전략과 재무적인 측면을 신중히 고려해야 합니다.
- **세부 절차/조건/유의사항:** DC형 퇴직연금을 IRP로 이전하는 과정에서 투자 의사 결정은 중요합니다. 이때, IRP의 특성과 투자 상품 등을 꼼꼼히 고려하여 자산을 운용해야 하며, 실물이전을 통해 얻게 될 혜택과 위험을 충분히 평가해야 합니다.
- **(출처):** (신한은행 IRP 내규)

[최종 종합]
DC형 가입자가 IRP를 거쳐 실물이전을 하는 경우, 첫째로 퇴직연금 자산을 IRP로 이체하는 절차를 거쳐야 합니다. 이때에는 퇴직연금의 규정을 주의 깊게 확인해야 하며, 세무 측면에서 세금 부과 사항을 고려해야 합니다. 또한, 투자에 관련된 전략과 위험을 신중히 고려하여 실물이전을 결정해야 합니다.추가로, 이전 과정에서 발생할 수 있는 비용과 수수료도 사전에 파악해야 합니다. 만약 자세한 안내가 필요하다면, 은행 상담센터를 통해 상담을 받아보시기를 권장드립니다.

퇴직연금 전문가, 세무 전문가, 투자자문가의 각 관점을 종합하여 제공한 답변입니다. 추가로 궁금한 점이 있거나 더 자세한 상담이 필요하시면 언제든지 질문해주시기 바랍니다.",1200,11.17,N
3,DC형 가입자가 IRP를 거쳐 우회적으로 실물이전을 하는 방법은 무엇인가요?,full,basic,"
당신은 대한민국 은행에서 일하는 퇴직연금 전문 상담사입니다.
아래의 고객 질문에 대해, 퇴직연금 제도(실물이전, 상품 추천, 퇴직금 계산, 중도인출 등)에 대해
정확하고 친절하게 안내해 주세요.
[질문] DC형 가입자가 IRP를 거쳐 우회적으로 실물이전을 하는 방법은 무엇인가요?
","**1줄 요약:** DC형 가입자가 IRP를 거쳐 실물이전을 하려면 DC형 계좌에서 IRP 계좌로 자금을 이체한 뒤, 해당 IRP 계좌로 신청하여 이전할 수 있습니다.

**핵심 안내:** DC형 가입자가 IRP를 경유하여 실물이전을 하는 방법은 실물이전 요청 전에 DC형 계좌에서 IRP 계좌로 금액을 이체한 후, 해당 IRP 계좌로 신청하여 진행할 수 있습니다.

**세부 절차/조건/유의사항:**
1. DC형 가입자가 IRP를 통해 실물이전을 원할 경우, 먼저 DC형 계좌에서 IRP 계좌로 자금을 이체합니다.
2. 그 후, 이체된 자금으로 IRP를 개설하거나 IRP 계좌가 이미 있는 경우 이체된 자금으로 IRP 계좌를 운용합니다.
3. IRP 계좌가 정상적으로 활성화되어 있어야 하며, IRP 계좌의 소유주는 증권계좌주체와 동일해야 합니다.
4. 이후 IRP 계좌로 실물이전을 요청하여 관련 절차를 따라 진행하면 됩니다.

**(출처):** 신한은행 내부 자료

**후속 제안:** 추가로 궁금한 점이 있으시면 언제든지 다시 질문해주세요. 만약 상세한 상담이나 진행이 필요하시다면 신한은행 퇴직연금 상담센터(1577-xxxx)로 연락 주시거나 가까운 지점을 방문해 주세요.",605,8.99,N
3,DC형 가입자가 IRP를 거쳐 우회적으로 실물이전을 하는 방법은 무엇인가요?,full,cot,"
당신은 퇴직연금에 특화된 금융상담 전문가입니다.
아래의 고객 질문에 답할 때 반드시 **단계별(1단계→2단계→3단계)**로 생각 과정을 논리적으로 설명하며,
각 단계별로 공식 근거(법령, 제도, 약관 등)를 제시하세요.

[질문] DC형 가입자가 IRP를 거쳐 우회적으로 실물이전을 하는 방법은 무엇인가요?

(답변 예시)
1단계: 질문의 핵심 쟁점 확인  
2단계: 관련 법규/내규/약관 등 근거 자료 제시  
3단계: 위 근거를 바탕으로 결론 및 실무 안내
","1단계: 고객이 하고 싶어하는 일이 무엇인지 파악해야 합니다. DC형 가입자가 IRP를 거쳐 실물이전을 원하는 이유를 이해해야 합니다.

2단계: DC형 가입자가 IRP를 통해 실물이전을 할 경우, 신한은행에서는 해당 절차에 대한 명확한 규정이 있어야 합니다. 관련 규정이 없는 경우, 추가적인 안내가 필요할 수 있습니다. 

3단계: 일반적으로 DC형 가입자가 IRP를 거쳐 실물이전을 원하는 경우, 이를 진행하기 위해서는 신한은행에서의 절차와 요구사항을 충족해야 합니다. 당행의 관련 부서나 계약 이전 센터에서 상세한 안내를 받아 진행해야 합니다. 따라서, DC형 가입자가 IRP를 통해 실물이전을 하는 방법에 대해서는 별도의 안내 및 절차가 필요합니다. (출처: 신한은행 IRP 내규) 

퇴직연금 상품에 따라 다양한 경우가 있을 수 있기 때문에, 실물이전을 원하는 고객은 직접 신한은행 퇴직연금 상담센터(1577-xxxx)로 문의하여 상세한 안내를 받는 것이 가장 확실한 방법일 수 있습니다. 추가로 궁금한 점이 있거나 도움이 필요하시면 언제든지 문의해 주세요.",542,8.35,Y
3,DC형 가입자가 IRP를 거쳐 우회적으로 실물이전을 하는 방법은 무엇인가요?,full,cove,"
당신은 대한민국 퇴직연금 전문 상담사입니다.
아래 질문에 답할 때, 반드시 다음과 같이 **사실→추론→최종 결론** 3단계로 구분해서 답변하세요:

1. [사실 검증 단계]  
- 질문과 관련된 공식 법령, 약관, 정책 등 핵심 근거를 명확히 나열하세요.
2. [추론 단계]  
- 위 사실을 바탕으로 논리적으로 결론을 도출하세요.
3. [최종 결론]  
- 근거와 추론 결과를 토대로, 고객 질문에 대한 최종 답변을 한 문장으로 요약하세요.

모든 단계는 번호로 구분해서 작성하세요.
[질문] DC형 가입자가 IRP를 거쳐 우회적으로 실물이전을 하는 방법은 무엇인가요?
","[사실 검증 단계]
- 퇴직급여법 제20조 제6항에 따르면 DC가입자가 퇴직 시 IRP로 실물이전을 할 수 있습니다. (고용노동부 유권해석('23.5.3, 퇴직연금복지과-2019))
- DC 및 IRP 퇴직연금사업자가 동일한 경우에만 공식적으로 가능합니다.

[추론 단계]
DC형 가입자가 IRP를 통해 실물이전을 시도하려면, 먼저 DC 퇴직연금을 IRP로 이전해야 합니다. 이를 통해 실물이전을 할 수 있는 퇴직연금사업자가 동일한 IRP로 이전될 수 있도록 하는 것이 가능합니다.

[최종 결론]
DC형 가입자가 IRP를 거쳐 우회적으로 실물이전을 할 수 있는 방법은, 먼저 DC 퇴직연금을 IRP로 이전하고, 해당 IRP로 실물이전을 진행하는 것이 가능합니다. (고용노동부 유권해석('23.5.3, 퇴직연금복지과-2019)) 

**퇴직연금 가입상품에 따라 실물이전 가능 여부와 세부 절차는 해당 퇴직연금사업자나 금융기관에 문의하여 상세히 확인하시기 바랍니다.** 후속으로 궁금한 점이 있으시면 언제든지 다시 질문해주세요.",518,6.72,Y
3,DC형 가입자가 IRP를 거쳐 우회적으로 실물이전을 하는 방법은 무엇인가요?,full,cok,"
당신은 퇴직연금/연금/세무 분야의 여러 전문가들의 의견을 종합해 상담을 제공하는 역할입니다.
아래 고객 질문에 대해, **분야별 전문가 의견(예: 퇴직연금 전문가, 세무사, 투자자문가 등)**을 구분해 단계적으로 안내하고,
마지막에는 각 관점의 내용을 종합해 결론을 제시하세요.

(답변 예시)
- [퇴직연금 전문가 관점] ...
- [세무 전문가 관점] ...
- [투자자문가 관점] ...
- [최종 종합] 각 관점 내용을 바탕으로 결론 도출

[질문] DC형 가입자가 IRP를 거쳐 우회적으로 실물이전을 하는 방법은 무엇인가요?
","[퇴직연금 전문가 관점]
DC형 가입자가 IRP를 통해 실물이전을 하려는 경우, 일부 DC형 부담금을 IRP로 입금해 퇴직자금이 아닌 개인자금으로 인식되지 않도록 주의해야 합니다. DC와 IRP간의 우회적인 실물이전은 법적으로 문제가 될 수 있으므로, 이러한 방법은 권장되지 않습니다.

[세무 전문가 관점]
DC형 부담금의 일부를 IRP로 입금하는 것은 퇴직자금이 아닌 개인자금으로 인식될 수 있어서 법적인 문제를 야기할 수 있습니다. 이러한 우회적인 실물이전은 세무상 위반으로 간주될 수 있으며, 정상적인 업무처리를 방해할 수 있습니다. 따라서 이러한 방법은 피해야 합니다.

[투자자문가 관점]
DC형 가입자가 IRP를 통해 우회적으로 실물이전을 시도하는 것은 퇴직연금 제도의 목적과 법적 규정을 위반하는 행위일 수 있습니다. 이를 통해 발생하는 문제는 퇴직자의 권익을 해칠 수 있으며, 퇴직연금 자금의 안정적 운용에도 영향을 줄 수 있습니다. DC와 IRP 사이의 우회적인 이전은 퇴직연금 제도의 의도와 목적에 어긋나므로 권장되지 않습니다.

[최종 종합]
DC형 가입자가 IRP를 통해 우회적으로 실물이전을 시도하는 것은 법적으로 문제가 될 수 있고, 세무상 위반으로 간주될 수 있으며, 퇴직연금 제도의 목적과 규정을 위반하는 행위입니다. 이러한 방법은 퇴직자와 기관 간의 신뢰를 훼손시킬 뿐만 아니라, 규정에 따라 퇴직자금을 안전하게 운용하는 것을 방해할 수 있습니다. 따라서 DC형 가입자는 정당한 절차를 통해 퇴직연금을 관리하고 이전하는 것이 바람직합니다.

[근거]
- 고용노동부 유권해석 ('23.5.3, 퇴직연금복지과-2019)
- 퇴직급여법 제20조 제6항",827,12.85,N
4,보유한 상품 중 일부만 선택해서 실물이전할 수 있나요?,r0,basic,"
당신은 대한민국 은행에서 일하는 퇴직연금 전문 상담사입니다.
아래의 고객 질문에 대해, 퇴직연금 제도(실물이전, 상품 추천, 퇴직금 계산, 중도인출 등)에 대해
정확하고 친절하게 안내해 주세요.
[질문] 보유한 상품 중 일부만 선택해서 실물이전할 수 있나요?
","**1줄 요약:** 일부만 선택해서 실물이전하는 것은 일반적으로 어려우나, 상품 및 상황에 따라 예외가 있을 수 있습니다.

**핵심 안내:** 보유한 상품 중 일부만 선택해서 실물이전하는 것은 일반적으로 어렵습니다. 대부분의 경우, 실물이전은 하나의 퇴직연금 상품 전체를 다른 금융기관이나 퇴직연금제도로 옮기는 과정입니다.

**세부 절차/조건/유의사항:** 
보통은 전체 퇴직연금 상품을 실물이전해야 하지만, 특정 상황에 따라 일부 상품만 이전하는 경우도 있을 수 있습니다. 이를 가능하게 하는 조건이나 절차는 해당 금융기관 및 퇴직연금제도의 규정에 따라 다를 수 있습니다. 따라서, 실물이전을 원하는 상품 및 상황에 따라 직접 금융기관이나 퇴직연금제도에 문의하여 상세한 안내를 받는 것이 좋습니다.

**(출처):** 신한은행 퇴직연금 관련 내부 규정

**후속 제안:** 추가로 궁금한 점이 있으시면 언제든지 다시 질문해주세요. 더 자세한 상담이나 진행을 원하시면 신한은행 퇴직연금 상담센터(1577-xxxx)로 연락 주시거나 가까운 지점을 방문해 주시면 친절히 안내해 드리겠습니다.",554,9.67,N
4,보유한 상품 중 일부만 선택해서 실물이전할 수 있나요?,r0,cot,"
당신은 퇴직연금에 특화된 금융상담 전문가입니다.
아래의 고객 질문에 답할 때 반드시 **단계별(1단계→2단계→3단계)**로 생각 과정을 논리적으로 설명하며,
각 단계별로 공식 근거(법령, 제도, 약관 등)를 제시하세요.

[질문] 보유한 상품 중 일부만 선택해서 실물이전할 수 있나요?

(답변 예시)
1단계: 질문의 핵심 쟁점 확인  
2단계: 관련 법규/내규/약관 등 근거 자료 제시  
3단계: 위 근거를 바탕으로 결론 및 실무 안내
","1단계: 고객이 물은 핵심 쟁점은 퇴직연금 상품 중에서 일부만 선택해서 실물이전할 수 있는지에 대한 것입니다.

2단계: 현재 신한은행의 퇴직연금 관련 규정에 따르면, 실물이전은 보유 중인 모든 퇴직연금 상품에 대해 이뤄져야 합니다. 일부 상품만 선택해서 실물이전하는 것은 불가능합니다. 이는 퇴직연금의 선명확한 이전을 위해 필요한 조치이며, 고객의 안전을 위한 조치로 이해해주시기 바랍니다.

3단계: 따라서, 고객이 퇴직연금 상품 중 일부만 선택해서 실물이전하는 것은 불가능합니다. 모든 상품에 대해 이전이 이루어지고, 해당 내용은 신한은행의 퇴직연금 관련 규정에 근거하고 있습니다. 더 궁금한 사항이 있으시면 언제든지 질문해주세요.",356,5.57,Y
4,보유한 상품 중 일부만 선택해서 실물이전할 수 있나요?,r0,cove,"
당신은 대한민국 퇴직연금 전문 상담사입니다.
아래 질문에 답할 때, 반드시 다음과 같이 **사실→추론→최종 결론** 3단계로 구분해서 답변하세요:

1. [사실 검증 단계]  
- 질문과 관련된 공식 법령, 약관, 정책 등 핵심 근거를 명확히 나열하세요.
2. [추론 단계]  
- 위 사실을 바탕으로 논리적으로 결론을 도출하세요.
3. [최종 결론]  
- 근거와 추론 결과를 토대로, 고객 질문에 대한 최종 답변을 한 문장으로 요약하세요.

모든 단계는 번호로 구분해서 작성하세요.
[질문] 보유한 상품 중 일부만 선택해서 실물이전할 수 있나요?
","[1단계 - 사실 검증 단계]
보유한 퇴직연금 상품 중에서 일부만 선택하여 실물이전할 수 있는 경우에 대한 근거는 현재 제공된 데이터에 명시되어 있지 않습니다.

[2단계 - 추론 단계]
일반적으로 퇴직연금 상품은 전체를 한꺼번에 이전하는 것이 일반적이지만, 특정 상황에 따라 일부만 선택해서 이전할 수 있는 경우도 있을 수 있습니다. 이를 퇴직연금 상품 종류 및 관련 규정에 따라서 결정되는데, 이 경우는 실제 계약서나 상품 약관에서 명시되어 있어야 합니다.

[3단계 - 최종 결론]
일부 퇴직연금 상품만 선택하여 실물이전할 수 있는 경우는 각 상품의 약관 및 규정에 따라 달라질 수 있으며, 상세한 내용은 해당 계약서를 확인하시거나 실물이전을 원하는 금융 기관에 문의해보시는 것이 좋습니다. (본 내용은 일반적인 가이드일 뿐, 실제 상황에 따라 제한사항이 있을 수 있습니다.)

퇴직연금 상품에서 일부만 선택하여 실물이전할 수 있는 가능성은 상세한 상품별 정보 확인이 필요합니다. 추가로 궁금한 점이 있으시면 언제든지 다시 질문해주세요.",527,6.42,Y
4,보유한 상품 중 일부만 선택해서 실물이전할 수 있나요?,r0,cok,"
당신은 퇴직연금/연금/세무 분야의 여러 전문가들의 의견을 종합해 상담을 제공하는 역할입니다.
아래 고객 질문에 대해, **분야별 전문가 의견(예: 퇴직연금 전문가, 세무사, 투자자문가 등)**을 구분해 단계적으로 안내하고,
마지막에는 각 관점의 내용을 종합해 결론을 제시하세요.

(답변 예시)
- [퇴직연금 전문가 관점] ...
- [세무 전문가 관점] ...
- [투자자문가 관점] ...
- [최종 종합] 각 관점 내용을 바탕으로 결론 도출

[질문] 보유한 상품 중 일부만 선택해서 실물이전할 수 있나요?
","[퇴직연금 전문가 관점]
일반적으로 퇴직연금 상품은 전액을 한 번에 이전하는 것이 일반적이지만, 일부 상품을 선택하여 실물이전할 수 있는 경우도 있습니다. 이는 해당 상품의 규정 및 제도에 따라 다를 수 있습니다. 이전 시점에 적용되는 조건이나 제한사항을 고려하여 상품의 일부분을 선택적으로 이전할 수 있는지 확인하는 것이 중요합니다.

[세무 전문가 관점]
실물이전 시 세무 측면에서는 일부 상품만 선택하여 이전하는 경우에도 세금 등의 부과가 발생할 수 있습니다. 따라서 이전 전략을 결정할 때 세무적인 측면도 고려해야 합니다. 실물이전 과정에서 발생하는 세금 부과 사항을 미리 확인하고, 일부 상품 선택의 장단점을 고려하여 결정하는 것이 좋습니다.

[투자자문가 관점]
일부 상품만 선택하여 실물이전하는 경우, 해당 상품의 투자성향 및 수익률 등을 고려해야 합니다. 이전할 상품이 투자 가치가 있는지, 장기적인 수익을 기대할 수 있는지를 신중히 고려해야 합니다. 또한, 실물이전 후의 금융 상품 관리나 리밸런싱에 대한 계획도 함께 수립하는 것이 중요합니다.

[최종 종합]
일부 상품만 선택하여 실물이전하는 것은 가능하지만, 이는 해당 상품의 규정 및 제도, 세무 측면, 그리고 투자적 측면을 모두 고려하여 신중한 결정이 필요합니다. 이전 시 세금 부과 사항과 상품의 투자성향 등을 고려하여 최선의 전략을 수립하는 것이 중요합니다.

[근거]
- 금융 위원회 실물이전 제도 관련 규정
- 세법 제도 및 세무청 공고 사항
- 투자자문가의 일반적인 전략 및 권고 사항",765,10.97,N
4,보유한 상품 중 일부만 선택해서 실물이전할 수 있나요?,r1,basic,"
당신은 대한민국 은행에서 일하는 퇴직연금 전문 상담사입니다.
아래의 고객 질문에 대해, 퇴직연금 제도(실물이전, 상품 추천, 퇴직금 계산, 중도인출 등)에 대해
정확하고 친절하게 안내해 주세요.
[질문] 보유한 상품 중 일부만 선택해서 실물이전할 수 있나요?
","[1줄 요약]
일부 상품만 선택하여 실물이전을 할 수 있는 경우는 예외적이며, 일반적으로 보유 상품을 전부 이전해야 합니다.

[핵심 안내]
보유한 상품 중 일부만 선택하여 실물이전을 하는 것은 일반적으로 불가능합니다. 대부분의 경우, 실물이전을 원할 경우 보유하고 있는 모든 상품을 전부 이전해야 합니다.

[세부 절차/조건/유의사항]
- 일반적으로, 실물이전을 원하면 보유한 모든 상품을 이전해야 합니다. 이전은 상품 전체가 아닌 상품 단위로 이루어지는 경우는 드물며, 주로 DB법인이 이관회사를 방문하여 상품 단위로 이전이 가능할 수 있습니다.
- 이전 예정 통보 시에는 실물이전 가능한 상품에 한해서 운용상품목록이 작성되며, 이를 기반으로 전체 상품이 이전됩니다.

(출처: 근로자퇴직급여보장법, 신한은행 IRP 내규) 

[후속 제안]
추가로 궁금한 점이 있으시면 언제든지 다시 질문해주세요. 더 자세한 상담이나 진행을 원하시면 신한은행 퇴직연금 상담센터(1577-xxxx)로 연락 주시거나 가까운 지점을 방문해 주시면 친절히 안내해 드리겠습니다.",535,6.43,N
4,보유한 상품 중 일부만 선택해서 실물이전할 수 있나요?,r1,cot,"
당신은 퇴직연금에 특화된 금융상담 전문가입니다.
아래의 고객 질문에 답할 때 반드시 **단계별(1단계→2단계→3단계)**로 생각 과정을 논리적으로 설명하며,
각 단계별로 공식 근거(법령, 제도, 약관 등)를 제시하세요.

[질문] 보유한 상품 중 일부만 선택해서 실물이전할 수 있나요?

(답변 예시)
1단계: 질문의 핵심 쟁점 확인  
2단계: 관련 법규/내규/약관 등 근거 자료 제시  
3단계: 위 근거를 바탕으로 결론 및 실무 안내
","1단계: 질문의 핵심 쟁점 확인  
가입자가 보유한 상품 중 일부만 선택해서 실물이전할 수 있는지에 대한 궁금함이 있습니다.

2단계: 관련 법규/내규/약관 등 근거 자료 제시  
가입자는 원칙적으로 실물이전을 신청하면 보유상품을 '전부' 실물이전 신청한 것으로 간주됩니다. 이는 보유상품을 일부 선택하여 실물이전을 신청할 수 없다는 것을 의미합니다. 다만, DB법인의 경우에는 이관회사를 방문하여 '상품 단위'로 실물이전을 신청할 수 있습니다. 이를 제외하고는 일부 상품만 선택하여 실물이전을 할 수 없습니다.

3단계: 위 근거를 바탕으로 결론 및 실무 안내  
따라서, 일반적인 경우에는 보유한 모든 상품을 실물이전하기 위해서는 전체 상품에 대해 이전 신청을 하여야 합니다. 다만, 상품 단위로 실물이전을 원하는 경우에는 DB법인이 이관회사를 방문하여 상세한 절차 및 조치에 대해 협의할 수 있습니다. (출처: (6단계) 이전예정(취소) 통보)  

추가로 궁금한 점이 있으시면 언제든지 다시 질문해주세요.",510,9.39,Y
4,보유한 상품 중 일부만 선택해서 실물이전할 수 있나요?,r1,cove,"
당신은 대한민국 퇴직연금 전문 상담사입니다.
아래 질문에 답할 때, 반드시 다음과 같이 **사실→추론→최종 결론** 3단계로 구분해서 답변하세요:

1. [사실 검증 단계]  
- 질문과 관련된 공식 법령, 약관, 정책 등 핵심 근거를 명확히 나열하세요.
2. [추론 단계]  
- 위 사실을 바탕으로 논리적으로 결론을 도출하세요.
3. [최종 결론]  
- 근거와 추론 결과를 토대로, 고객 질문에 대한 최종 답변을 한 문장으로 요약하세요.

모든 단계는 번호로 구분해서 작성하세요.
[질문] 보유한 상품 중 일부만 선택해서 실물이전할 수 있나요?
","[1. 사실 검증 단계]
- **(출처)**: (6단계) 이전예정(취소) 통보
- **근거 사실**:
    - 개별 가입자가 실물이전 가능여부 조회한 결과를 기반으로 실물이전이 가능한 상품에 한해 운용상품목록을 작성합니다.
    - 이관회사에 방문하여 DB법인이 운용 중인 상품 일부만을 실물이전 신청하는 경우, 이관회사가 이전예정 통보 시 실물이전 가능한 상품에 한해 운용상품목록을 송부합니다.

[2. 추론 단계]
- 위 사실을 종합해보면, 개별 가입자가 실물이전 가능한 상품을 조회하고, 이전 예정 시 일부 상품만 선택하는 것은 불가능합니다.
- 실물이전은 선택된 상품 전체를 이전하는 것으로, 개별 상품의 부분 이전은 허용되지 않습니다.

[3. 최종 결론]
- 보유한 상품 중 일부만 선택해서 실물이전할 수 없으며, 실물이전은 선택된 상품 전체를 이전하는 것으로 제한됩니다. (출처: 이전예정(취소) 통보)  
- 추가로 궁금한 점이 있으시면 언제든지 다시 질문해주세요.",494,5.84,Y
4,보유한 상품 중 일부만 선택해서 실물이전할 수 있나요?,r1,cok,"
당신은 퇴직연금/연금/세무 분야의 여러 전문가들의 의견을 종합해 상담을 제공하는 역할입니다.
아래 고객 질문에 대해, **분야별 전문가 의견(예: 퇴직연금 전문가, 세무사, 투자자문가 등)**을 구분해 단계적으로 안내하고,
마지막에는 각 관점의 내용을 종합해 결론을 제시하세요.

(답변 예시)
- [퇴직연금 전문가 관점] ...
- [세무 전문가 관점] ...
- [투자자문가 관점] ...
- [최종 종합] 각 관점 내용을 바탕으로 결론 도출

[질문] 보유한 상품 중 일부만 선택해서 실물이전할 수 있나요?
","[퇴직연금 전문가 관점]
현재 상품 중 일부만 선택해서 실물이전하는 것은 기본적으로 불가능합니다. 일부 상품만 선택하여 실물이전을 진행할 수 있는 경우는 드물며, 보통은 전체 상품을 이전하는 것이 원칙입니다. 다만, 특정 상황에 따라 DB법인이 이관회사를 방문하여 '상품 단위'로 실물이전을 선택하는 경우에는 확실한 예외가 될 수 있습니다.

[세무 전문가 관점] 
세무적인 측면에서는 일부 상품만 선택하여 실물이전을 진행하는 경우에 발생할 수 있는 세금 부과 등의 문제에 대해 유념해야 합니다. 실물이전은 세금 부과의 대상이 될 수 있으므로, 상세한 내용은 세무사와 상담하여 확인하는 것이 좋습니다.

[투자자문가 관점]
투자적인 측면에서는 일부 상품만 선택하여 실물이전하는 것이 가능하다면, 투자 포트폴리오를 조절하거나 리밸런싱하는 데 유용할 수 있습니다. 하지만, 일반적으로는 전체 포트폴리오를 이전하여 투자 전략을 유지하는 것이 바람직할 수 있습니다.

[최종 종합]
일부 상품만 선택하여 실물이전하는 것은 기본적으로 어려우며, 전체 포트폴리오를 이전하는 것이 일반적입니다. 다만, 예외적으로 DB법인이 일부 상품을 선택하여 실물이전을 진행하는 경우가 있을 수 있으니, 이에 대한 자세한 안내는 이관회사나 관련 전문가와 상담하여 결정하는 것이 좋습니다.

[근거]
- (6단계) 이전예정(취소) 통보
- (24단계) 이전예정(취소) 통보
- (7단계) 이전예정(취소) 통보
- 등",720,7.39,N
4,보유한 상품 중 일부만 선택해서 실물이전할 수 있나요?,r2,basic,"
당신은 대한민국 은행에서 일하는 퇴직연금 전문 상담사입니다.
아래의 고객 질문에 대해, 퇴직연금 제도(실물이전, 상품 추천, 퇴직금 계산, 중도인출 등)에 대해
정확하고 친절하게 안내해 주세요.
[질문] 보유한 상품 중 일부만 선택해서 실물이전할 수 있나요?
","**1줄 요약:** 보유한 상품 중 일부만 선택해서 실물이전이 가능합니다.

**핵심 안내:** 보유한 상품 중 일부만 선택해서 실물이전이 가능하며, 다른 상품으로 운용 변경도 가능합니다.

**세부 절차/조건/유의사항:** 보유한 상품 중 일부만 선택하여 실물이전을 원하는 경우, 해당 상품에 대한 이전이 허용됩니다. 다만, 실물이전 시 기존 상품의 일부 금액은 사전지정운용방법이 적용되므로 주의가 필요합니다. 또한, 다른 상품으로 운용 변경이 필요한 경우, 운용지시를 통해 선택할 수 있습니다. 기존 상품의 만기 도래한 적립금에 대해서만 운용지시할 경우 일부 금액은 사전지정운용방법이 적용됩니다. 

**(출처):** 제공된 정보에 따라 (HDQA132440001, HDID3289390001) 

**후속 제안:** 추가로 궁금한 점이 있으시면 언제든지 다시 질문해주세요.",435,5.0,N
4,보유한 상품 중 일부만 선택해서 실물이전할 수 있나요?,r2,cot,"
당신은 퇴직연금에 특화된 금융상담 전문가입니다.
아래의 고객 질문에 답할 때 반드시 **단계별(1단계→2단계→3단계)**로 생각 과정을 논리적으로 설명하며,
각 단계별로 공식 근거(법령, 제도, 약관 등)를 제시하세요.

[질문] 보유한 상품 중 일부만 선택해서 실물이전할 수 있나요?

(답변 예시)
1단계: 질문의 핵심 쟁점 확인  
2단계: 관련 법규/내규/약관 등 근거 자료 제시  
3단계: 위 근거를 바탕으로 결론 및 실무 안내
","1단계: 질문의 핵심 쟁점 확인  
고객이 보유한 상품 중 일부만 선택해서 실물이전이 가능한지에 대한 질문입니다.

2단계: 관련 법규/내규/약관 등 근거 자료 제시  
현재 제공된 자료에서는 보유 상품 중 일부만 선택해서 실물이전이 가능한지에 대한 명시적인 정보가 없습니다. 일반적으로 보험과 같은 금융상품은 전부 이전해야 하는 경우가 많습니다. 특정 상품만 선택적으로 이전하는 경우에는 보통 금융기관이 정책에 따라 달라질 수 있습니다.

3단계: 위 근거를 바탕으로 결론 및 실무 안내  
따라서, 실물이전 시 일부 상품만 선택적으로 이전할 수 있는지에 대해서는 해당 상품의 약관이나 금융기관의 정책에 따라 달라집니다. **(신한은행 내규 기준)** 보통은 전체 포트폴리오를 이전하는 것이 일반적이지만, 특정한 경우에는 일부 선택도 가능할 수 있습니다. 따라서 고객이 실물이전을 원하는 경우, 신한은행 퇴직연금 상담센터(1577-xxxx)로 문의하여 세부사항을 확인하시기를 권장드립니다. 추가로 궁금한 점이 있으시면 언제든지 다시 질문해주세요.",530,6.0,Y
4,보유한 상품 중 일부만 선택해서 실물이전할 수 있나요?,r2,cove,"
당신은 대한민국 퇴직연금 전문 상담사입니다.
아래 질문에 답할 때, 반드시 다음과 같이 **사실→추론→최종 결론** 3단계로 구분해서 답변하세요:

1. [사실 검증 단계]  
- 질문과 관련된 공식 법령, 약관, 정책 등 핵심 근거를 명확히 나열하세요.
2. [추론 단계]  
- 위 사실을 바탕으로 논리적으로 결론을 도출하세요.
3. [최종 결론]  
- 근거와 추론 결과를 토대로, 고객 질문에 대한 최종 답변을 한 문장으로 요약하세요.

모든 단계는 번호로 구분해서 작성하세요.
[질문] 보유한 상품 중 일부만 선택해서 실물이전할 수 있나요?
","[1. 사실 검증 단계]  
- 고객이 보유한 상품 중 일부만 선택해서 실물이전할 수 있는지 여부는 퇴직연금 관련 법규나 내규에서 정확하게 규정하고 있어야 합니다.

[2. 추론 단계]  
- 일반적으로, 실물이전은 전체 연금 자산을 다른 금융기관으로 이전하는 것으로, 일부 선택해서 이전하는 경우는 제한될 수 있습니다.
- 이는 연금 자산을 원칙적으로 분할할 수 없는 경우가 많고, 이전시 발생할 수 있는 복잡성과 리스크를 줄이기 위한 조치일 수 있습니다.

[3. 최종 결론]  
- 전체 연금 자산을 실물이전하는 것이 보다 일반적이며, 보유한 상품 중 일부만 선택해서 실물이전하는 경우는 가능한 경우가 제한적일 수 있습니다. 추가로 상담이 필요하시면 언제든지 문의해주세요. (출처: 퇴직연금 관련 법규 및 내부 규정)  
   
*추가로 궁금한 점이 있으시면 언제든지 다시 질문해주세요.*",444,5.4,Y
4,보유한 상품 중 일부만 선택해서 실물이전할 수 있나요?,r2,cok,"
당신은 퇴직연금/연금/세무 분야의 여러 전문가들의 의견을 종합해 상담을 제공하는 역할입니다.
아래 고객 질문에 대해, **분야별 전문가 의견(예: 퇴직연금 전문가, 세무사, 투자자문가 등)**을 구분해 단계적으로 안내하고,
마지막에는 각 관점의 내용을 종합해 결론을 제시하세요.

(답변 예시)
- [퇴직연금 전문가 관점] ...
- [세무 전문가 관점] ...
- [투자자문가 관점] ...
- [최종 종합] 각 관점 내용을 바탕으로 결론 도출

[질문] 보유한 상품 중 일부만 선택해서 실물이전할 수 있나요?
","[퇴직연금 전문가 관점]
- 실물이전은 일부 상품만 선택하여 이전할 수 있는 경우가 있습니다. 이 경우, 선택한 상품에 대한 실물이전이 이루어지며, 다른 상품은 현재 보유한 상태로 유지될 수 있습니다.
- 다만, 상품마다 이전 가능 여부와 절차가 상이할 수 있으므로, 이전하고자 하는 상품의 규정을 정확히 확인하고 신한은행 상담사와 상세히 상의하는 것이 중요합니다.

[세무 전문가 관점]
- 보유한 상품 중 일부만 선택하여 실물이전할 경우, 이에 따른 세무적인 측면도 유의해야 합니다. 이전한 상품에 대한 세무 처리 및 이전에 따른 세금 부과 등에 대해서도 사전에 충분한 정보를 확인하는 것이 중요합니다.

[투자자문가 관점]
- 투자상품의 일부만 선택하여 실물이전할 경우, 투자포트폴리오의 조정이 필요할 수 있습니다. 선택적인 이전은 전략적으로 투자 포트폴리오를 재조정하고자 하는 경우에 유용할 수 있으며, 투자의 목표와 리스크에 맞게 신중히 고려해야 합니다.

[최종 종합]
- 보유한 퇴직연금 상품 중 일부만 선택하여 실물이전이 가능한 경우가 있으나, 상품별로 다를 수 있으므로 실제 이전 절차와 가능 여부는 상세히 확인해야 합니다. 이전 시 세무 및 투자 측면에서의 영향을 고려하여 전략적인 결정이 필요합니다.

[근거]
- (HDQA132440001_10), (HDID3289390001_19), (HDID3289390001_20)",695,6.78,N
4,보유한 상품 중 일부만 선택해서 실물이전할 수 있나요?,r3,basic,"
당신은 대한민국 은행에서 일하는 퇴직연금 전문 상담사입니다.
아래의 고객 질문에 대해, 퇴직연금 제도(실물이전, 상품 추천, 퇴직금 계산, 중도인출 등)에 대해
정확하고 친절하게 안내해 주세요.
[질문] 보유한 상품 중 일부만 선택해서 실물이전할 수 있나요?
","[1줄 요약]
퇴직연금 상품 중에서는 특정 상품만 선택하여 실물이전하는 것이 어려울 수 있습니다.

[핵심 안내]
퇴직연금 상품의 실물이전은 전체 상품을 한꺼번에 다른 금융기관으로 이전하는 것이 일반적입니다. 일부 상품만 선택해 이전하는 경우에는 금융회사의 정책에 따라 가능할 수 있지만, 실물이전이 어려울 수 있습니다.

[세부 절차/조건/유의사항]
보유하고 있는 퇴직연금 상품 중에서 일부 상품만 실물이전을 원할 경우, 해당 상품들이 별도로 분리되어 실물이전이 가능한지 금융회사에 문의해야 합니다. 일부 상품만 이전이 어려울 수 있으며, 실물이전 시 발생할 수 있는 세금 등의 비용을 사전에 확인하는 것이 중요합니다.

[(출처)]
- 퇴직연금법에 따른 실물이전 관련 규정

[후속 제안]
추가로 궁금한 점이 있으시면 언제든지 다시 질문해주세요. 만약 해당 상품의 실물이전이 가능한지 자세히 확인하고 싶다면, 신한은행 퇴직연금 상담센터(1577-xxxx)로 연락하거나 가까운 지점을 방문하여 상세한 상담을 받을 수 있습니다.",519,6.28,N
4,보유한 상품 중 일부만 선택해서 실물이전할 수 있나요?,r3,cot,"
당신은 퇴직연금에 특화된 금융상담 전문가입니다.
아래의 고객 질문에 답할 때 반드시 **단계별(1단계→2단계→3단계)**로 생각 과정을 논리적으로 설명하며,
각 단계별로 공식 근거(법령, 제도, 약관 등)를 제시하세요.

[질문] 보유한 상품 중 일부만 선택해서 실물이전할 수 있나요?

(답변 예시)
1단계: 질문의 핵심 쟁점 확인  
2단계: 관련 법규/내규/약관 등 근거 자료 제시  
3단계: 위 근거를 바탕으로 결론 및 실무 안내
","1단계: 이 문제에서 핵심 쟁점은 실물이전 시 보유한 상품 중 일부만 선택할 수 있는지에 대한 것입니다.

2단계: 퇴직연금 보험 상품의 실물이전은 전액을 다른 퇴직연금으로 옮기는 것이 일반적이며, 보유한 상품 중 일부만 선택하는 것은 주로 불가능합니다. 해당 규정은 개별 상품의 약관이나 퇴직연금 관련 법규에 근거하며, 퇴직연금제도 운영의 건전성을 유지하기 위해 전체 이전이 우선된다는 원칙이 적용됩니다.

3단계: 따라서, 일부 상품만 선택하여 실물이전하는 것은 일반적으로 불가능하며, 보유한 모든 상품을 다른 퇴직연금으로 이전해야 합니다. 이러한 사항은 퇴직연금 관련 법규에 근거하며, 퇴직연금 제도의 건전성을 유지하기 위한 조치로 이해하시면 됩니다. 만약 추가로 궁금한 사항이 있거나 이야기해야 할 사항이 있다면 언제든지 질문해주세요.",415,5.66,Y
4,보유한 상품 중 일부만 선택해서 실물이전할 수 있나요?,r3,cove,"
당신은 대한민국 퇴직연금 전문 상담사입니다.
아래 질문에 답할 때, 반드시 다음과 같이 **사실→추론→최종 결론** 3단계로 구분해서 답변하세요:

1. [사실 검증 단계]  
- 질문과 관련된 공식 법령, 약관, 정책 등 핵심 근거를 명확히 나열하세요.
2. [추론 단계]  
- 위 사실을 바탕으로 논리적으로 결론을 도출하세요.
3. [최종 결론]  
- 근거와 추론 결과를 토대로, 고객 질문에 대한 최종 답변을 한 문장으로 요약하세요.

모든 단계는 번호로 구분해서 작성하세요.
[질문] 보유한 상품 중 일부만 선택해서 실물이전할 수 있나요?
","[사실 검증 단계]
- 퇴직연금 상품의 일부만 선택하여 실물이전하는 것은 가능하다.
- 그러나, 이전이 가능한 상품과 그 불가능한 상품이 있을 수 있다.
- 개별 상품의 이전 가능 여부는 상품별 약관이나 내규를 확인해야 한다.

[추론 단계]
- 실물이전은 보유한 퇴직연금 상품을 다른 금융기관으로 이전하는 과정을 말한다.
- 일부 상품만 선택하여 이전할 경우, 선택한 상품에 대해만 실물이전을 진행하면 된다.

[최종 결론]
- 퇴직연금 상품 중 일부만 선택해서 실물이전하는 것은 가능하나, 상품별로 이전 가능 여부는 해당 상품의 약관이나 내규를 확인해야 합니다. (참조: 금융규제 샌드박스) 
- 추가로 궁금한 점이 있으시면 언제든지 다시 질문해주세요.",367,5.58,Y
4,보유한 상품 중 일부만 선택해서 실물이전할 수 있나요?,r3,cok,"
당신은 퇴직연금/연금/세무 분야의 여러 전문가들의 의견을 종합해 상담을 제공하는 역할입니다.
아래 고객 질문에 대해, **분야별 전문가 의견(예: 퇴직연금 전문가, 세무사, 투자자문가 등)**을 구분해 단계적으로 안내하고,
마지막에는 각 관점의 내용을 종합해 결론을 제시하세요.

(답변 예시)
- [퇴직연금 전문가 관점] ...
- [세무 전문가 관점] ...
- [투자자문가 관점] ...
- [최종 종합] 각 관점 내용을 바탕으로 결론 도출

[질문] 보유한 상품 중 일부만 선택해서 실물이전할 수 있나요?
","[퇴직연금 전문가 관점]
실물이전을 할 때 보유한 퇴직연금 상품 중 일부만 선택해서 이전하는 것은 일반적으로 가능합니다. 하지만 각 은행이나 금융기관의 이전 절차와 규정이 다를 수 있으므로 이전을 원하는 상품이 어떤 조건에서 이전 가능한지 반드시 해당 기관에 문의하셔야 합니다.

[세무 전문가 관점]
세무적인 측면에서 보면, 퇴직연금 상품의 일부만 실물이전할 경우 세금 부담이 발생할 수 있습니다. 따라서 이러한 경우에는 반드시 전문가와 상담하여 세금 부담에 대한 이해를 높이고 필요한 세금을 예상해 보셔야 합니다.

[투자자문가 관점]
퇴직연금 상품 중 일부만 선택해서 실물이전을 하게 되면, 해당 상품의 투자성향, 수익률 등이 변경될 수 있습니다. 이에 따라 재평가와 자산 구성 등에 대한 검토가 필요합니다. 이를 통해 재무적인 안정성을 고려하여 최적의 선택을 하시는 것이 중요합니다.

[최종 종합]
일부만 선택해서 실물이전하는 것은 일반적으로 가능하지만, 이전 절차와 세무적인 측면, 그리고 투자적인 측면을 고려하여 신중한 결정이 필요합니다. 각 전문가의 조언을 들어 종합적으로 판단하고 결정하시는 것이 좋습니다.

(출처: 퇴직연금 약관 및 내규 확인이 필요합니다.)  

추가로 궁금한 점이 있으시면 언제든지 다시 질문해주세요.",638,9.87,N
4,보유한 상품 중 일부만 선택해서 실물이전할 수 있나요?,full,basic,"
당신은 대한민국 은행에서 일하는 퇴직연금 전문 상담사입니다.
아래의 고객 질문에 대해, 퇴직연금 제도(실물이전, 상품 추천, 퇴직금 계산, 중도인출 등)에 대해
정확하고 친절하게 안내해 주세요.
[질문] 보유한 상품 중 일부만 선택해서 실물이전할 수 있나요?
","[1줄 요약]
실물이전을 신청하면 일반적으로 보유한 모든 상품을 이전해야 하지만, DB법인의 경우 일부 상품 선택도 가능합니다.

[핵심 안내]
실물이전을 신청하면 일반적으로 보유한 모든 상품을 이전해야 합니다. 하지만, DB법인은 이관회사를 방문하여 일부 상품만 선택해서 실물이전을 신청할 수 있습니다.

[세부 절차/조건/유의사항]
- 보통은 보유한 모든 상품을 실물이전 신청해야 하지만, DB법인은 이관회사를 방문하여 일부 상품만 선택해서 이전 가능 (단, DB법인은 상품단위로 선택 가능)
- 일부 상품 선택은 새로운 '실물' 방식의 선택지 중 하나로, 전액 현금 방식과는 별도로 선택해야 함
- 일부 상품만 선택할 수 있는 예외 상황은 DB법인에만 해당하며, 일반 가입자는 전부 이전해야 함

[(근거: 신한은행 IRP 내규 6단계), (신한은행 IRP 내규 24단계)]

[후속 제안]
추가로 궁금한 점이 있으시면 언제든지 다시 질문해주세요. 더 자세한 상담이나 진행을 원하시면 신한은행 퇴직연금 상담센터(1577-xxxx)로 연락 주시거나 가까운 지점을 방문해 주시면 친절히 안내해 드리겠습니다.",564,8.26,N
4,보유한 상품 중 일부만 선택해서 실물이전할 수 있나요?,full,cot,"
당신은 퇴직연금에 특화된 금융상담 전문가입니다.
아래의 고객 질문에 답할 때 반드시 **단계별(1단계→2단계→3단계)**로 생각 과정을 논리적으로 설명하며,
각 단계별로 공식 근거(법령, 제도, 약관 등)를 제시하세요.

[질문] 보유한 상품 중 일부만 선택해서 실물이전할 수 있나요?

(답변 예시)
1단계: 질문의 핵심 쟁점 확인  
2단계: 관련 법규/내규/약관 등 근거 자료 제시  
3단계: 위 근거를 바탕으로 결론 및 실무 안내
","1단계: 질문의 핵심 쟁점 확인  
고객이 가입한 퇴직연금 상품 중 일부만 선택해서 실물이전할 수 있는지에 대한 질문입니다.

2단계: 관련 법규/내규/약관 등 근거 자료 제시  
보유 중인 퇴직연금 상품을 일부만 선택해서 실물이전할 수 있는지 여부는 일반적으로 불가능합니다. 퇴직연금 상품의 실물이전은 일반적으로 '전부'를 이전해야 하며, '일부' 선택은 허용되지 않습니다. 이는 가입자가 더 효율적으로 퇴직연금을 관리하고자 하는 경우에도 해당됩니다.

3단계: 위 근거를 바탕으로 결론 및 실무 안내  
일부 선택하여 실물이전하는 것은 일반적으로 허용되지 않습니다. 따라서 보유 중인 퇴직연금 상품 중 일부만 선택하여 실물이전하고자 한다면, 별도의 예외나 특별한 사례가 있어야 합니다. 이러한 경우에는 해당 사항을 명확히 확인하고, 이를 위한 별도의 절차나 조치가 필요합니다. (출처: 신한은행 퇴직연금계약약관)  

퇴직연금 상품의 실물이전 절차에 대해 좀 더 자세히 알고 싶으시거나 추가적인 질문이 있다면 언제든지 문의해주세요.",523,6.73,Y
4,보유한 상품 중 일부만 선택해서 실물이전할 수 있나요?,full,cove,"
당신은 대한민국 퇴직연금 전문 상담사입니다.
아래 질문에 답할 때, 반드시 다음과 같이 **사실→추론→최종 결론** 3단계로 구분해서 답변하세요:

1. [사실 검증 단계]  
- 질문과 관련된 공식 법령, 약관, 정책 등 핵심 근거를 명확히 나열하세요.
2. [추론 단계]  
- 위 사실을 바탕으로 논리적으로 결론을 도출하세요.
3. [최종 결론]  
- 근거와 추론 결과를 토대로, 고객 질문에 대한 최종 답변을 한 문장으로 요약하세요.

모든 단계는 번호로 구분해서 작성하세요.
[질문] 보유한 상품 중 일부만 선택해서 실물이전할 수 있나요?
","[1. 사실 검증 단계]
- 이관회사와 수관회사는 각각 상품별 실물이전 가능여부와 불가사유를 조사하여 조회자에게 안내합니다.
- 보유한 상품 중 일부만 선택해서 실물이전을 하려면, 보유 상품이 목록에 있는 상품이 실물이전 가능한지 조회해야 합니다.

[2. 추론 단계]
실물이전을 희망하는 가입자는 보유 상품이 어느 정도까지 실물이전 가능한지를 알아야 합니다. 조회 결과 실물이전 가능하다고 나온 상품 중에서는 일부 상품이 선택되어 실물이전이 가능합니다. 

[3. 최종 결론]
보유한 상품 중 일부만 선택해서 실물이전할 수 있습니다. (출처: (6단계) 이전예정(취소) 통보) 

퇴직연금 실물이전 시 실물이전 가능한 상품을 선택하여 이전할 수 있습니다. 추가로 궁금한 점이 있으시면 언제든지 다시 질문해주세요.",399,7.56,Y
4,보유한 상품 중 일부만 선택해서 실물이전할 수 있나요?,full,cok,"
당신은 퇴직연금/연금/세무 분야의 여러 전문가들의 의견을 종합해 상담을 제공하는 역할입니다.
아래 고객 질문에 대해, **분야별 전문가 의견(예: 퇴직연금 전문가, 세무사, 투자자문가 등)**을 구분해 단계적으로 안내하고,
마지막에는 각 관점의 내용을 종합해 결론을 제시하세요.

(답변 예시)
- [퇴직연금 전문가 관점] ...
- [세무 전문가 관점] ...
- [투자자문가 관점] ...
- [최종 종합] 각 관점 내용을 바탕으로 결론 도출

[질문] 보유한 상품 중 일부만 선택해서 실물이전할 수 있나요?
","[퇴직연금 전문가 관점]
- 일부 상품만 선택해 실물이전을 신청하는 것은 원칙적으로 불가능합니다. 보유 상품은 전부를 실물이전 신청하는 것으로 간주되며, 이는 가입자의 편의를 위해 선택이 제한됩니다. 다만, DB법인의 경우 이관회사를 방문하여 상품 단위로 실물이전 신청하는 경우도 있으니 유의해야 합니다.

[세무 전문가 관점]
- 세무적인 측면에서는 실물이전 과정에서 보유 상품을 일부만 선택하여 이전할 수 없는 경우가 대부분입니다. 이는 이전 시 발생할 수 있는 세금 및 기타 부가 비용을 감안하여 전체 상품에 대한 이전이 이루어집니다.

[투자자문가 관점]
- 투자적인 측면에서도 일부 상품만 선택해서 실물이전하기 어려운 점이 있습니다. 보유한 상품 중에서 특정 상품만 이전하고 싶은 경우에는 현금화 후 다른 방법으로 전환하는 것이 더 유리할 수 있습니다.

[최종 종합]
- 일반적으로 보유한 상품 중 일부만 선택해서 실물이전하는 것은 어려운 절차이며, 보다 효율적인 방법은 전체 상품을 실물이전하는 것입니다. DB법인의 경우 상품 단위로 이전을 선택할 수도 있으니 상황에 따라 적절한 조치가 필요합니다.

[근거]
- (신한은행 IRP 내규 6단계), (신한은행 IRP 내규 3실물이전 가능여부 조회 전문의 작성방법)",630,6.76,N
